id,pharmacy_id,drug_code,batch_number,expiry_date,quantity_on_hand,minimum_stock,unit_cost,days_to_expiry,value_at_risk_aed,tier
ffa5e6b3-dadf-41c1-8952-f14d460f50b1,e8b717ca-3dbe-481d-a83a-1ac5aeb522fe,E11-0700-00788-01,SIM-B-FGHEME-E11070000788-NE_CRITICAL-011,2026-06-20,17,72,13.76,0,233.92,CRITICAL
ed671e43-a2dd-4781-a204-4403e9565a50,8e5d3a05-f0d7-4a5a-9272-3b9b73802c23,EI4-A361-06725-01,SIM-B-FSCDIA-EI4A36106725-NE_CRITICAL-010,2026-06-20,94,51,9.08,0,853.52,CRITICAL
87f9f166-7f56-4302-af74-aa972e17c09f,3ac8d640-6143-48b1-847a-ec720633e254,J33-3493-03910-01,SIM-B-FSCCAR-J33349303910-NE_CRITICAL-011,2026-06-20,81,66,1.25,0,101.25,CRITICAL
60e031cd-9f38-4756-9a7d-766c76f66d8c,b477cd79-c0e5-4dcf-9804-2be2ef47a936,EV8-A451-08654-01,SIM-B-FRNRET-EV8A45108654-NE_CRITICAL-015,2026-06-20,5,36,1.41,0,7.05,CRITICAL
12d443dd-977b-4d8b-884c-cc667f7d6d36,c8deb8a8-4c5d-44b5-86c8-95a61cd4731e,F72-4907-04344-01,SIM-B-FRNRET-F72490704344-NE_CRITICAL-014,2026-06-20,4,58,0.36,0,1.44,CRITICAL
48072045-d2fb-4d1f-adf2-486a42d367df,64ff710c-c989-40e3-85a9-f7dbf941e486,F98-A720-12250-03,SIM-B-EMERGE-F98A72012250-NE_CRITICAL-000,2026-06-20,2,63,7.54,0,15.08,CRITICAL
92caba57-dbbc-445a-b0e0-032db09144ef,64ff710c-c989-40e3-85a9-f7dbf941e486,EY2-E273-04297-01,SIM-B-EMERGE-EY2E27304297-NE_CRITICAL-005,2026-06-20,5,40,1.87,0,9.35,CRITICAL
e279c6ce-ac47-4dc2-a5bc-5fd7d83c8a9f,64b87f0b-d7de-46cc-9900-026be05d37d0,E41-2718-01018-01,SIM-B-FSCDAY-E41271801018-NE_CRITICAL-001,2026-06-21,126,28,1.88,1,236.88,CRITICAL
85c3fdc7-b335-454e-8943-71a46c48b0ef,64ff710c-c989-40e3-85a9-f7dbf941e486,DQ6-7747-00083-03,SIM-B-EMERGE-DQ6774700083-NE_CRITICAL-006,2026-06-21,4,67,0.9,1,3.6,CRITICAL
e9e3821c-b6d9-4c04-bf61-3e458e02c4fe,64b87f0b-d7de-46cc-9900-026be05d37d0,J91-2171-00782-01,SIM-B-FSCDAY-J91217100782-NE_CRITICAL-008,2026-06-21,43,67,38.16,1,1640.88,CRITICAL
43459f0d-51df-485e-a81c-0b91535a6e94,e8b717ca-3dbe-481d-a83a-1ac5aeb522fe,J23-3576-04341-01,SIM-B-FGHEME-J23357604341-NE_CRITICAL-006,2026-06-22,75,23,0.16,2,12,CRITICAL
f954ab04-fdd8-47f3-a80f-a5176900c14c,3ac8d640-6143-48b1-847a-ec720633e254,J82-5877-02158-01,SIM-B-FSCCAR-J82587702158-NE_CRITICAL-009,2026-06-22,68,51,1.83,2,124.44,CRITICAL
23b7195a-5dc5-4f1b-9579-8e3a55c3b107,b477cd79-c0e5-4dcf-9804-2be2ef47a936,F26-1673-00132-02,SIM-B-FRNRET-F26167300132-NE_CRITICAL-012,2026-06-22,1,40,84.41,2,84.41,CRITICAL
8997c770-a05a-470d-9a80-264c9bb95b9c,c8deb8a8-4c5d-44b5-86c8-95a61cd4731e,F91-E128-19620-01,SIM-B-FRNRET-F91E12819620-NE_CRITICAL-003,2026-06-22,2,52,4.8,2,9.6,CRITICAL
5aaa2dfa-7f94-4913-abca-224a433074c4,0084942a-7f9c-4342-a2ef-afdd30ce7796,F69-5059-05741-01,SIM-B-FALCON-F69505905741-NE_CRITICAL-005,2026-06-22,18,63,168.82,2,3038.76,CRITICAL
be15a119-f1e7-456d-a098-5ec561cb927a,0084942a-7f9c-4342-a2ef-afdd30ce7796,E04-2481-02913-02,SIM-B-FALCON-E04248102913-NE_CRITICAL-016,2026-06-22,69,51,13.75,2,948.75,CRITICAL
7f2e5734-8f9b-4973-8bf7-5e2238183858,64ff710c-c989-40e3-85a9-f7dbf941e486,F92-2145-03527-01,SIM-B-EMERGE-F92214503527-NE_CRITICAL-004,2026-06-22,2,22,3.81,2,7.62,CRITICAL
64d37407-164d-4edd-b605-bd7fc8223eef,64ff710c-c989-40e3-85a9-f7dbf941e486,F91-D549-18140-01,SIM-B-EMERGE-F91D54918140-NE_CRITICAL-009,2026-06-22,4,55,1.87,2,7.48,CRITICAL
5d59d0b0-3596-4e05-a3e1-81c6ff34fa48,496cd94e-4f16-4a63-a599-7da8e75020a4,E11-5398-05682-01,SIM-B-FRNRET-E11539805682-NE_CRITICAL-011,2026-06-22,108,58,2.3,2,248.4,CRITICAL
dab6fca3-776a-4d1e-b276-f2be705c62f1,3ac8d640-6143-48b1-847a-ec720633e254,F71-3654-04040-01,SIM-B-FSCCAR-F71365404040-NE_CRITICAL-012,2026-06-23,68,59,1.2,3,81.6,CRITICAL
c7eb4519-49ad-4a59-84c6-7848ddb111ea,ff4445cb-add6-4bca-9b1b-bcfa8c1953a9,FR8-A685-11431-01,SIM-B-FRNRET-FR8A68511431-NE_CRITICAL-004,2026-06-23,3,16,0.96,3,2.88,CRITICAL
226bc8bb-7008-4ba8-9dbd-eadfbd340c2f,63078148-c8f6-4537-b3f2-edcec7fd1bd4,EA1-E285-20050-01,SIM-B-FRNRET-EA1E28520050-NE_CRITICAL-012,2026-06-23,1,49,48.87,3,48.87,CRITICAL
c3365c5b-ac37-49d8-adf3-ed84034e0e8d,0084942a-7f9c-4342-a2ef-afdd30ce7796,EC5-C446-00303-01,SIM-B-FALCON-EC5C44600303-NE_CRITICAL-002,2026-06-23,88,66,1.29,3,113.52,CRITICAL
8abe568f-58ce-42df-ab03-61bd16319aa2,ab160e78-8e1a-4ee1-8a0a-3ab4adba302b,EC5-C446-00301-01,SIM-B-FGHORP-EC5C44600301-NE_CRITICAL-009,2026-06-24,138,66,1.51,4,208.38,CRITICAL
bfa36c21-9795-4949-8e96-f678b8734bd4,64b87f0b-d7de-46cc-9900-026be05d37d0,F98-C500-15793-01,SIM-B-FSCDAY-F98C50015793-NE_CRITICAL-000,2026-06-24,34,25,44.33,4,1507.22,CRITICAL
811a1d20-2c4e-4692-ab4a-68fb49cd8d51,c8deb8a8-4c5d-44b5-86c8-95a61cd4731e,E44-0538-02988-02,SIM-B-FRNRET-E44053802988-NE_CRITICAL-010,2026-06-24,2,47,43.9,4,87.8,CRITICAL
2721ab41-d7f2-411e-b6f8-e1f577d4bb9b,ff4445cb-add6-4bca-9b1b-bcfa8c1953a9,J23-3577-04360-01,SIM-B-FRNRET-J23357704360-NE_CRITICAL-009,2026-06-24,3,54,1.1,4,3.3,CRITICAL
4f1f105f-4dc6-46f9-ba0b-f3227ee635f6,496cd94e-4f16-4a63-a599-7da8e75020a4,J23-3596-03616-02,SIM-B-FRNRET-J23359603616-NE_CRITICAL-000,2026-06-24,6,43,1.02,4,6.12,CRITICAL
f21abfc7-e24d-48e3-8761-5c8318e39ef1,e8b717ca-3dbe-481d-a83a-1ac5aeb522fe,F91-D374-17671-01,SIM-B-FGHEME-F91D37417671-NE_CRITICAL-008,2026-06-25,60,54,4.6,5,276,CRITICAL
2ddf745c-02b1-4840-ad78-c3a81a7ace99,496cd94e-4f16-4a63-a599-7da8e75020a4,E50-2608-00080-01,SIM-B-FRNRET-E50260800080-NE_CRITICAL-012,2026-06-25,5,26,0.59,5,2.95,CRITICAL
1c167278-996c-435f-8013-a1834aa71bb8,b477cd79-c0e5-4dcf-9804-2be2ef47a936,EY2-C548-02568-01,SIM-B-FRNRET-EY2C54802568-NE_CRITICAL-009,2026-06-25,5,48,0.81,5,4.05,CRITICAL
3eb2e62c-4fff-4355-a77a-fe7cc3d7c99f,0084942a-7f9c-4342-a2ef-afdd30ce7796,J23-3563-02443-01,SIM-B-FALCON-J23356302443-NE_CRITICAL-004,2026-06-25,135,75,0.16,5,21.6,CRITICAL
ffb7500c-f19c-44f5-a501-8e191a4494e5,ff4445cb-add6-4bca-9b1b-bcfa8c1953a9,EU7-A442-17781-01,SIM-B-FRNRET-EU7A44217781-NE_CRITICAL-013,2026-06-25,2,24,41.72,5,83.44,CRITICAL
d57c65e9-ddcf-466d-a62e-09cee4bcb151,64b87f0b-d7de-46cc-9900-026be05d37d0,E08-2888-03326-01,SIM-B-FSCDAY-E08288803326-NE_CRITICAL-015,2026-06-26,43,72,11.31,6,486.33,CRITICAL
68d02f86-e328-4791-b2ae-b67d4a146d65,3b42936b-7b0f-4d51-806d-8ac6eab5009c,FT0-5671-00944-01,SIM-B-FSCAMB-FT0567100944-NE_CRITICAL-011,2026-06-26,2,46,15.43,6,30.86,CRITICAL
2d98b5a0-515e-42f5-8914-a6d94a3e27b0,0084942a-7f9c-4342-a2ef-afdd30ce7796,J39-4253-05312-01,SIM-B-FALCON-J39425305312-NE_CRITICAL-001,2026-06-26,40,77,10.13,6,405.2,CRITICAL
a059078b-26b9-445c-8900-8bf39749cada,e8b717ca-3dbe-481d-a83a-1ac5aeb522fe,EV7-D108-05873-01,SIM-B-FGHEME-EV7D10805873-NE_CRITICAL-010,2026-06-27,101,57,1.44,7,145.44,CRITICAL
84656bbe-6fe6-4c5f-b2b2-1069d4a230bd,bf2f1d66-b217-4b41-acb7-3605bd2ce28a,E09-0100-00458-01,SIM-B-FSCONC-E09010000458-NE_CRITICAL-013,2026-06-27,91,58,1.1,7,100.1,CRITICAL
33ed5ae1-e207-4dd7-932f-c4a41f94628a,8e5d3a05-f0d7-4a5a-9272-3b9b73802c23,J23-3579-04319-01,SIM-B-FSCDIA-J23357904319-NE_CRITICAL-000,2026-06-27,48,41,8.45,7,405.6,CRITICAL
14a52d5d-dff5-4f3b-add6-213bb2b3b636,8e5d3a05-f0d7-4a5a-9272-3b9b73802c23,F91-E129-19621-01,SIM-B-FSCDIA-F91E12919621-NE_CRITICAL-007,2026-06-27,102,68,2.6,7,265.2,CRITICAL
dec7879e-2d41-4b6e-829f-35307344e634,b477cd79-c0e5-4dcf-9804-2be2ef47a936,EI3-4746-05035-02,SIM-B-FRNRET-EI3474605035-NE_CRITICAL-004,2026-06-27,1,22,39.9,7,39.9,CRITICAL
7d156543-33a5-4b90-b611-8286ab9e77c3,bf2f1d66-b217-4b41-acb7-3605bd2ce28a,J23-3571-18296-01,SIM-B-FSCONC-J23357118296-NE_CRITICAL-009,2026-06-28,84,77,1.5,8,126,CRITICAL
415c0c07-eded-4498-b438-7df503d2430d,c8deb8a8-4c5d-44b5-86c8-95a61cd4731e,J23-3705-05102-01,SIM-B-FRNRET-J23370505102-NE_CRITICAL-012,2026-06-28,5,15,1.47,8,7.35,CRITICAL
1a6e1286-3fae-4c93-b950-0ef1daa2a55e,ff4445cb-add6-4bca-9b1b-bcfa8c1953a9,EE4-A335-10886-01,SIM-B-FRNRET-EE4A33510886-NE_CRITICAL-005,2026-06-28,1,50,11.25,8,11.25,CRITICAL
efc4a8aa-b8fa-4626-bdfb-e877ae162209,63078148-c8f6-4537-b3f2-edcec7fd1bd4,F38-4286-02242-01,SIM-B-FRNRET-F38428602242-NE_CRITICAL-014,2026-06-28,4,36,1.2,8,4.8,CRITICAL
856e511b-a4e1-4f1e-9d25-580e020085fd,64ff710c-c989-40e3-85a9-f7dbf941e486,F06-1366-04480-01,SIM-B-EMERGE-F06136604480-NE_CRITICAL-015,2026-06-28,11,21,4.3,8,47.3,CRITICAL
e079623e-0079-4181-adcf-fb0f90c9fab8,f1c21a7b-b096-4416-ae32-343bb5fac048,E15-D805-18795-01,SIM-B-FGHMAI-E15D80518795-NE_CRITICAL-016,2026-06-29,55,21,1.15,9,63.25,CRITICAL
4ac33602-8a6d-4029-a0cc-bbafc4b946b2,bf2f1d66-b217-4b41-acb7-3605bd2ce28a,J39-3702-05315-03,SIM-B-FSCONC-J39370205315-NE_CRITICAL-001,2026-06-29,134,49,0.9,9,120.6,CRITICAL
c0e7cd5b-927b-4a7e-842d-9c6ab9fa2f63,3ac8d640-6143-48b1-847a-ec720633e254,F98-D429-17903-01,SIM-B-FSCCAR-F98D42917903-NE_CRITICAL-010,2026-06-29,16,69,107,9,1712,CRITICAL
9d7baf52-a404-448b-b3e3-5232b7abaa61,ff4445cb-add6-4bca-9b1b-bcfa8c1953a9,F24-3666-02635-01,SIM-B-FRNRET-F24366602635-NE_CRITICAL-014,2026-06-29,2,33,29.34,9,58.68,CRITICAL
df1ff0eb-69e4-4999-b054-a0dd11539589,0084942a-7f9c-4342-a2ef-afdd30ce7796,J39-6180-06366-01,SIM-B-FALCON-J39618006366-NE_CRITICAL-014,2026-06-29,101,62,2.47,9,249.47,CRITICAL
32a8c6a4-814d-44d0-b383-a2bba53ad237,64ff710c-c989-40e3-85a9-f7dbf941e486,FQ8-A659-03203-01,SIM-B-EMERGE-FQ8A65903203-NE_CRITICAL-013,2026-06-29,7,34,2.39,9,16.73,CRITICAL
8c8a72bd-0ae8-41e0-85a2-a9bb4c474b2d,64ff710c-c989-40e3-85a9-f7dbf941e486,J82-0611-00679-01,SIM-B-EMERGE-J82061100679-NE_CRITICAL-016,2026-06-29,3,64,4.39,9,13.17,CRITICAL
f25c718c-1bce-4eba-bcbe-ac233896e76f,e8b717ca-3dbe-481d-a83a-1ac5aeb522fe,F69-4200-05724-01,SIM-B-FGHEME-F69420005724-NE_CRITICAL-001,2026-06-30,30,25,27.85,10,835.5,CRITICAL
2a3900c5-c45e-4bef-bb0a-05ed2ceefa94,ab160e78-8e1a-4ee1-8a0a-3ab4adba302b,F26-1673-00132-02,SIM-B-FGHORP-F26167300132-NE_CRITICAL-008,2026-06-30,21,80,84.41,10,1772.61,CRITICAL
94b06827-fb46-48e1-a3a0-e679c1432974,3b42936b-7b0f-4d51-806d-8ac6eab5009c,J82-5823-03848-01,SIM-B-FSCAMB-J82582303848-NE_CRITICAL-009,2026-06-30,19,70,7.43,10,141.17,CRITICAL
f5c76b77-6af3-44f6-8414-ffe8b527621f,ff4445cb-add6-4bca-9b1b-bcfa8c1953a9,F70-1958-05728-01,SIM-B-FRNRET-F70195805728-NE_CRITICAL-006,2026-06-30,2,27,27.65,10,55.3,CRITICAL
1f8d7a0c-6220-4061-8fd6-ce1386605b52,0084942a-7f9c-4342-a2ef-afdd30ce7796,J23-3573-03685-01,SIM-B-FALCON-J23357303685-NE_CRITICAL-008,2026-06-30,133,61,0.35,10,46.55,CRITICAL
aad0a93a-fe43-409c-b29d-8a979bcd7452,8e5d3a05-f0d7-4a5a-9272-3b9b73802c23,E08-3921-03188-02,SIM-B-FSCDIA-E08392103188-NE_CRITICAL-004,2026-07-01,111,38,4.26,11,472.86,CRITICAL
b767d2dd-88fc-4d8d-8f12-661db4b16575,8e5d3a05-f0d7-4a5a-9272-3b9b73802c23,F98-C500-15793-01,SIM-B-FSCDIA-F98C50015793-NE_CRITICAL-008,2026-07-01,78,67,44.33,11,3457.74,CRITICAL
d25e71f3-a99c-4981-be18-081ac87e6260,3ac8d640-6143-48b1-847a-ec720633e254,J41-1162-05199-01,SIM-B-FSCCAR-J41116205199-NE_CRITICAL-005,2026-07-01,18,32,59.09,11,1063.62,CRITICAL
c6c304f3-7029-4d88-a182-b25f27778485,64b87f0b-d7de-46cc-9900-026be05d37d0,E41-5827-04129-01,SIM-B-FSCDAY-E41582704129-NE_CRITICAL-003,2026-07-01,14,21,25.03,11,350.42,CRITICAL
48f84ea4-db5a-4467-942d-5f5d9599637c,496cd94e-4f16-4a63-a599-7da8e75020a4,J30-6405-04174-01,SIM-B-FRNRET-J30640504174-NE_CRITICAL-013,2026-07-01,2,53,18.26,11,36.52,CRITICAL
e11562c5-1bff-44ea-a73c-941e3c8f6ba0,c8deb8a8-4c5d-44b5-86c8-95a61cd4731e,J39-0165-01178-01,SIM-B-FRNRET-J39016501178-NE_CRITICAL-004,2026-07-01,6,54,0.68,11,4.08,CRITICAL
c77f9c36-61f8-4cfa-b547-056afe94be76,63078148-c8f6-4537-b3f2-edcec7fd1bd4,EC5-C450-02278-01,SIM-B-FRNRET-EC5C45002278-NE_CRITICAL-003,2026-07-01,16,43,1.46,11,23.36,CRITICAL
fa78c87f-f265-4cb5-8606-21fa4543f649,e8b717ca-3dbe-481d-a83a-1ac5aeb522fe,J23-4113-03936-01,SIM-B-FGHEME-J23411303936-NE_CRITICAL-014,2026-07-02,127,42,1.17,12,148.59,CRITICAL
a486c0e2-8132-4d98-ad5b-021357bc78a3,ab160e78-8e1a-4ee1-8a0a-3ab4adba302b,FS3-1987-02397-01,SIM-B-FGHORP-FS3198702397-NE_CRITICAL-013,2026-07-02,44,20,0.36,12,15.84,CRITICAL
d0ebb96d-13dc-4437-a1b0-c2734a6e5ff0,3ac8d640-6143-48b1-847a-ec720633e254,FO5-C381-15124-01,SIM-B-FSCCAR-FO5C38115124-NE_CRITICAL-001,2026-07-02,41,20,7.14,12,292.74,CRITICAL
c966306e-4b0b-4fab-8d2a-ffd37b674a45,3ac8d640-6143-48b1-847a-ec720633e254,F72-4907-04344-01,SIM-B-FSCCAR-F72490704344-NE_CRITICAL-004,2026-07-02,120,36,0.36,12,43.2,CRITICAL
9b5e9b21-0827-41ca-b176-b4d13bb35c7c,3b42936b-7b0f-4d51-806d-8ac6eab5009c,EY2-D519-13387-01,SIM-B-FSCAMB-EY2D51913387-NE_CRITICAL-004,2026-07-02,4,21,2.63,12,10.52,CRITICAL
7d23bd3f-ecd3-42ad-bffb-f1d1e4f06c36,496cd94e-4f16-4a63-a599-7da8e75020a4,F38-2125-01455-01,SIM-B-FRNRET-F38212501455-NE_CRITICAL-002,2026-07-02,82,59,0.5,12,41,CRITICAL
30c9cf6c-11c9-4c0d-aa66-9d858e35a6cb,b477cd79-c0e5-4dcf-9804-2be2ef47a936,J82-6127-05085-01,SIM-B-FRNRET-J82612705085-NE_CRITICAL-000,2026-07-02,1,17,10.65,12,10.65,CRITICAL
83a27e35-4388-4773-8590-ebc34c4164e1,b477cd79-c0e5-4dcf-9804-2be2ef47a936,J91-8858-02821-01,SIM-B-FRNRET-J91885802821-NE_CRITICAL-011,2026-07-02,5,37,0.62,12,3.1,CRITICAL
98aab416-c472-421e-a643-f2f6c2272532,c8deb8a8-4c5d-44b5-86c8-95a61cd4731e,EK2-A365-10933-01,SIM-B-FRNRET-EK2A36510933-NE_CRITICAL-001,2026-07-02,1,26,9.43,12,9.43,CRITICAL
1d1f8634-9ed4-440b-b15f-1985482b8d37,63078148-c8f6-4537-b3f2-edcec7fd1bd4,FO3-A689-11397-02,SIM-B-FRNRET-FO3A68911397-NE_CRITICAL-008,2026-07-02,3,52,1.85,12,5.55,CRITICAL
36b4b732-f995-43de-bc0d-f4b078252d27,ff4445cb-add6-4bca-9b1b-bcfa8c1953a9,E08-1742-02205-01,SIM-B-FRNRET-E08174202205-NE_CRITICAL-007,2026-07-02,25,33,3,12,75,CRITICAL
2418aa86-bab5-4925-a96a-87322743d752,64ff710c-c989-40e3-85a9-f7dbf941e486,F91-E115-19588-01,SIM-B-EMERGE-F91E11519588-NE_CRITICAL-007,2026-07-02,22,58,10.35,12,227.7,CRITICAL
641d5c67-b3fc-4ab0-91c8-48c58e8e73f3,64ff710c-c989-40e3-85a9-f7dbf941e486,FQ3-A670-11584-02,SIM-B-EMERGE-FQ3A67011584-NE_CRITICAL-008,2026-07-02,30,48,3.03,12,90.9,CRITICAL
f894a834-5b7b-4de9-b552-4e5c9dd17086,ff4445cb-add6-4bca-9b1b-bcfa8c1953a9,FM3-A607-11365-01,SIM-B-FRNRET-FM3A60711365-NE_CRITICAL-000,2026-07-03,3,48,57.96,13,173.88,CRITICAL
b9c6f144-fe24-4374-842f-28b088fc6b90,bf2f1d66-b217-4b41-acb7-3605bd2ce28a,F98-D845-18853-01,SIM-B-FSCONC-F98D84518853-NE_CRITICAL-015,2026-07-04,53,24,8.12,14,430.36,CRITICAL
5e25687f-72f1-412e-ad75-ec32d45d35ac,8e5d3a05-f0d7-4a5a-9272-3b9b73802c23,J82-6127-05085-01,SIM-B-FSCDIA-J82612705085-NE_CRITICAL-002,2026-07-04,14,54,10.65,14,149.1,CRITICAL
633d553b-4100-4c7f-93bd-98d99928f0c7,f1c21a7b-b096-4416-ae32-343bb5fac048,E09-0100-00458-01,SIM-B-FGHMAI-E09010000458-NE_CRITICAL-015,2026-07-05,129,43,1.1,15,141.9,CRITICAL
37ec18b8-ad89-4297-934e-35783a6c3b4d,ab160e78-8e1a-4ee1-8a0a-3ab4adba302b,FT0-4636-01342-01,SIM-B-FGHORP-FT0463601342-NE_CRITICAL-004,2026-07-05,78,35,0.52,15,40.56,CRITICAL
d61129bb-c89a-4dfb-ad0b-d1163574d820,b477cd79-c0e5-4dcf-9804-2be2ef47a936,J23-3596-03616-03,SIM-B-FRNRET-J23359603616-NE_CRITICAL-014,2026-07-05,2,49,0.79,15,1.58,CRITICAL
b53c9015-d2c2-4465-83b4-d39f0db17389,63078148-c8f6-4537-b3f2-edcec7fd1bd4,F69-5059-05741-01,SIM-B-FRNRET-F69505905741-NE_CRITICAL-001,2026-07-05,1,43,168.82,15,168.82,CRITICAL
6c1c17b0-8c61-4541-a35c-27c9d260072a,ab160e78-8e1a-4ee1-8a0a-3ab4adba302b,FT0-C010-02829-01,SIM-B-FGHORP-FT0C01002829-NE_CRITICAL-001,2026-07-06,28,75,22.79,16,638.12,CRITICAL
c79ca042-1120-4791-89f2-50dd85dac1e2,3b42936b-7b0f-4d51-806d-8ac6eab5009c,J30-7058-00730-01,SIM-B-FSCAMB-J30705800730-NE_CRITICAL-008,2026-07-06,173,74,0.48,16,83.04,CRITICAL
0a9b8a42-bbb4-4bf9-acd2-c460a1219eca,496cd94e-4f16-4a63-a599-7da8e75020a4,J81-0690-05308-01,SIM-B-FRNRET-J81069005308-NE_CRITICAL-001,2026-07-06,5,57,3.23,16,16.15,CRITICAL
f437e3c9-9f3e-4d67-a515-5d2e411e59af,496cd94e-4f16-4a63-a599-7da8e75020a4,E13-0398-06087-01,SIM-B-FRNRET-E13039806087-NE_CRITICAL-006,2026-07-06,22,41,49,16,1078,CRITICAL
74aa5af8-f8d4-4bd2-9575-870967307f2a,ff4445cb-add6-4bca-9b1b-bcfa8c1953a9,FT0-2916-00764-01,SIM-B-FRNRET-FT0291600764-NE_CRITICAL-015,2026-07-06,104,60,0.46,16,47.84,CRITICAL
832a9a5e-e3a1-43f8-a1ab-182b4b2cc659,3ac8d640-6143-48b1-847a-ec720633e254,EE4-A335-10886-01,SIM-B-FSCCAR-EE4A33510886-NE_CRITICAL-007,2026-07-06,48,69,11.25,16,540,CRITICAL
4fd10a9c-0735-4a23-8f8d-e3c4403b9329,e8b717ca-3dbe-481d-a83a-1ac5aeb522fe,EB8-C889-03742-01,SIM-B-FGHEME-EB8C88903742-NE_CRITICAL-007,2026-07-07,59,31,1.55,17,91.45,CRITICAL
1fba6945-7048-41f2-b6f2-67dc5f32dcfd,ab160e78-8e1a-4ee1-8a0a-3ab4adba302b,F26-0567-00641-05,SIM-B-FGHORP-F26056700641-NE_CRITICAL-011,2026-07-07,36,24,35.9,17,1292.4,CRITICAL
00c02208-cecd-456e-bc0a-d64054951170,bf2f1d66-b217-4b41-acb7-3605bd2ce28a,E53-1388-01823-01,SIM-B-FSCONC-E53138801823-NE_CRITICAL-007,2026-07-07,82,35,3.18,17,260.76,CRITICAL
8777015a-4487-464f-b3b6-0651c3f98947,64b87f0b-d7de-46cc-9900-026be05d37d0,EY2-C567-05396-01,SIM-B-FSCDAY-EY2C56705396-NE_CRITICAL-010,2026-07-07,89,61,1.11,17,98.79,CRITICAL
677f2c03-1672-4e2f-abd9-3a7b37f1a1c8,b477cd79-c0e5-4dcf-9804-2be2ef47a936,FR6-0738-00862-02,SIM-B-FRNRET-FR6073800862-NE_CRITICAL-007,2026-07-07,55,54,0.52,17,28.6,CRITICAL
04d585b7-253c-4ce8-a567-05f66ab279d3,c8deb8a8-4c5d-44b5-86c8-95a61cd4731e,FT0-5671-00944-01,SIM-B-FRNRET-FT0567100944-NE_CRITICAL-008,2026-07-07,33,25,15.43,17,509.19,CRITICAL
7ff43c97-dfe7-45c6-96e8-c4528fa700ed,c8deb8a8-4c5d-44b5-86c8-95a61cd4731e,E08-3921-03186-01,SIM-B-FRNRET-E08392103186-NE_CRITICAL-015,2026-07-07,64,15,2.57,17,164.48,CRITICAL
e100284b-7e87-4f6d-b784-0944e7a20a1d,63078148-c8f6-4537-b3f2-edcec7fd1bd4,EU8-A427-11061-01,SIM-B-FRNRET-EU8A42711061-NE_CRITICAL-000,2026-07-07,45,57,11.11,17,499.95,CRITICAL
1095cbe9-8b3f-4499-aded-b9df1062fa8c,63078148-c8f6-4537-b3f2-edcec7fd1bd4,J30-6800-05791-01,SIM-B-FRNRET-J30680005791-NE_CRITICAL-005,2026-07-07,28,24,21.1,17,590.8,CRITICAL
d704d696-b2f0-466e-9cef-5661b3d9e332,f1c21a7b-b096-4416-ae32-343bb5fac048,E08-1731-02210-01,SIM-B-FGHMAI-E08173102210-NE_CRITICAL-004,2026-07-08,129,63,0.73,18,94.17,CRITICAL
cb1a2d4c-80cc-4881-be41-ef33f2428046,8e5d3a05-f0d7-4a5a-9272-3b9b73802c23,EK0-A365-10931-01,SIM-B-FSCDIA-EK0A36510931-NE_CRITICAL-005,2026-07-08,46,63,9.25,18,425.5,CRITICAL
ac7c56fd-a466-4152-85a5-14423cbcaeef,8e5d3a05-f0d7-4a5a-9272-3b9b73802c23,J91-2171-00782-01,SIM-B-FSCDIA-J91217100782-NE_CRITICAL-011,2026-07-08,44,32,38.16,18,1679.04,CRITICAL
5bb67037-f26f-4870-8148-bb81c9f75f4f,8e5d3a05-f0d7-4a5a-9272-3b9b73802c23,J23-3574-03686-01,SIM-B-FSCDIA-J23357403686-NE_CRITICAL-013,2026-07-08,144,40,0.45,18,64.8,CRITICAL
202d5b88-8183-4412-a025-c81a448a1e45,496cd94e-4f16-4a63-a599-7da8e75020a4,F26-2989-00326-01,SIM-B-FRNRET-F26298900326-NE_CRITICAL-003,2026-07-08,1,23,96.9,18,96.9,CRITICAL
0a23b80c-db1d-4026-b428-53bc193307a6,496cd94e-4f16-4a63-a599-7da8e75020a4,J41-0545-00605-01,SIM-B-FRNRET-J41054500605-NE_CRITICAL-015,2026-07-08,49,47,16.5,18,808.5,CRITICAL
22b36914-ee70-4358-9473-b56b798011eb,ff4445cb-add6-4bca-9b1b-bcfa8c1953a9,FT0-5671-00944-01,SIM-B-FRNRET-FT0567100944-NE_CRITICAL-001,2026-07-08,32,31,15.43,18,493.76,CRITICAL
eba2d3aa-009b-4a2e-9968-d1115855cd1c,e8b717ca-3dbe-481d-a83a-1ac5aeb522fe,FT0-1396-00988-01,SIM-B-FGHEME-FT0139600988-NE_CRITICAL-005,2026-07-09,80,26,0.75,19,60,CRITICAL
448f8c8a-b037-4b6c-aad0-045b2833d2d0,ab160e78-8e1a-4ee1-8a0a-3ab4adba302b,EC5-A594-05780-01,SIM-B-FGHORP-EC5A59405780-NE_CRITICAL-000,2026-07-09,129,44,1.58,19,203.82,CRITICAL
3695e02b-1e7f-4602-b43e-8d013f827845,bf2f1d66-b217-4b41-acb7-3605bd2ce28a,J82-7326-04970-01,SIM-B-FSCONC-J82732604970-NE_CRITICAL-003,2026-07-09,98,20,1.38,19,135.24,CRITICAL
fab848d6-b8a2-4ad3-b531-41c4c84548a1,8e5d3a05-f0d7-4a5a-9272-3b9b73802c23,J92-2941-03395-01,SIM-B-FSCDIA-J92294103395-NE_CRITICAL-009,2026-07-09,16,21,17.88,19,286.08,CRITICAL
f836f417-423c-4dfb-a8e8-5090e87b4252,64b87f0b-d7de-46cc-9900-026be05d37d0,EV7-A387-02444-01,SIM-B-FSCDAY-EV7A38702444-NE_CRITICAL-012,2026-07-09,141,49,1.95,19,274.95,CRITICAL
1c536b70-d515-411e-989c-12a49441352b,3b42936b-7b0f-4d51-806d-8ac6eab5009c,E41-5827-04132-01,SIM-B-FSCAMB-E41582704132-NE_CRITICAL-006,2026-07-09,65,43,12.52,19,813.8,CRITICAL
938345b5-b9e0-4d71-97a6-3a0c95cc1816,496cd94e-4f16-4a63-a599-7da8e75020a4,J81-1483-00886-01,SIM-B-FRNRET-J81148300886-NE_CRITICAL-007,2026-07-09,37,55,33.51,19,1239.87,CRITICAL
e7f7be45-7637-43c4-ba73-b8f2f9d9bb95,63078148-c8f6-4537-b3f2-edcec7fd1bd4,EA1-E285-20048-01,SIM-B-FRNRET-EA1E28520048-NE_CRITICAL-009,2026-07-09,79,18,44.56,19,3520.24,CRITICAL
e04e5d77-a528-44fa-8aa9-24ea6d064e91,64ff710c-c989-40e3-85a9-f7dbf941e486,F91-D549-18360-01,SIM-B-EMERGE-F91D54918360-NE_CRITICAL-003,2026-07-09,141,41,3.74,19,527.34,CRITICAL
7b2db21f-dca6-499b-ac5c-962ae856185a,496cd94e-4f16-4a63-a599-7da8e75020a4,F98-D845-18853-01,SIM-B-FRNRET-F98D84518853-NE_CRITICAL-014,2026-07-09,51,57,8.12,19,414.12,CRITICAL
755814eb-6ddd-43f4-a0ba-990e8cf7a498,3b42936b-7b0f-4d51-806d-8ac6eab5009c,J23-3573-03689-01,SIM-B-FSCAMB-J23357303689-NE_CRITICAL-016,2026-07-10,59,76,0.26,20,15.34,CRITICAL
622bb0c2-6951-4b09-b154-80998bf87f80,496cd94e-4f16-4a63-a599-7da8e75020a4,J23-3579-04319-01,SIM-B-FRNRET-J23357904319-NE_CRITICAL-008,2026-07-10,43,54,8.45,20,363.35,CRITICAL
bd9728c6-f159-4e23-985b-050e43b7a3be,0084942a-7f9c-4342-a2ef-afdd30ce7796,E09-0099-00461-03,SIM-B-FALCON-E09009900461-NE_CRITICAL-009,2026-07-10,118,49,0.79,20,93.22,CRITICAL
c2b5b9be-dfb3-460b-a538-c08ba01703c2,f1c21a7b-b096-4416-ae32-343bb5fac048,J30-6466-02568-01,SIM-B-FGHMAI-J30646602568-NE_CRITICAL-010,2026-07-11,108,74,1.43,21,154.44,CRITICAL
64345ffc-bfd2-43bf-9c1d-870cfc391679,e8b717ca-3dbe-481d-a83a-1ac5aeb522fe,E45-7127-04971-01,SIM-B-FGHEME-E45712704971-NE_CRITICAL-013,2026-07-11,150,23,2.27,21,340.5,CRITICAL
9f7bb609-f2d9-4102-9c1e-74806db0ef61,3ac8d640-6143-48b1-847a-ec720633e254,F92-2145-03527-01,SIM-B-FSCCAR-F92214503527-NE_CRITICAL-008,2026-07-11,133,30,3.81,21,506.73,CRITICAL
0ea28cdf-6b2b-43b9-8615-1759d8d3e3e1,3b42936b-7b0f-4d51-806d-8ac6eab5009c,F30-5399-05681-01,SIM-B-FSCAMB-F30539905681-NE_CRITICAL-015,2026-07-11,93,59,2.45,21,227.85,CRITICAL
1a28728f-4cb2-4673-a345-535aa0adf608,b477cd79-c0e5-4dcf-9804-2be2ef47a936,E11-7480-09212-02,SIM-B-FRNRET-E11748009212-NE_CRITICAL-006,2026-07-11,16,18,16.25,21,260,CRITICAL
68e130dd-f41a-4a54-9aeb-bd853657d7bf,63078148-c8f6-4537-b3f2-edcec7fd1bd4,EB5-A299-05526-01,SIM-B-FRNRET-EB5A29905526-NE_CRITICAL-002,2026-07-11,30,24,32.8,21,984,CRITICAL
b15ba61b-0a7b-456d-b20d-c5f16fffdb96,ab160e78-8e1a-4ee1-8a0a-3ab4adba302b,J30-6921-03955-01,SIM-B-FGHORP-J30692103955-NE_CRITICAL-014,2026-07-11,47,68,16.93,21,795.71,CRITICAL
bd845fca-1fe9-4db2-ab82-211a9b402303,3ac8d640-6143-48b1-847a-ec720633e254,E11-5398-07300-01,SIM-B-FSCCAR-E11539807300-NE_CRITICAL-002,2026-07-12,150,69,2.72,22,408,CRITICAL
4dafb0dc-01ec-4374-b33a-8487e6e899ce,3ac8d640-6143-48b1-847a-ec720633e254,E53-1662-00588-01,SIM-B-FSCCAR-E53166200588-NE_CRITICAL-006,2026-07-12,146,55,2.39,22,348.94,CRITICAL
f917ef62-f26f-4633-b0c5-f475a5d8d7a4,64b87f0b-d7de-46cc-9900-026be05d37d0,J23-3596-03613-03,SIM-B-FSCDAY-J23359603613-NE_CRITICAL-013,2026-07-12,65,50,1.25,22,81.25,CRITICAL
c005bf4b-c4fd-4b57-bc8a-547efaca4d24,3b42936b-7b0f-4d51-806d-8ac6eab5009c,F98-D744-18607-01,SIM-B-FSCAMB-F98D74418607-NE_CRITICAL-005,2026-07-12,23,35,7.86,22,180.78,CRITICAL
594f04b5-c61e-4f66-b4ab-801cb7af7a0c,b477cd79-c0e5-4dcf-9804-2be2ef47a936,J23-4112-05477-01,SIM-B-FRNRET-J23411205477-NE_CRITICAL-010,2026-07-12,94,15,0.97,22,91.18,CRITICAL
cda85f9e-d423-42af-a7be-cb8b7bb25212,c8deb8a8-4c5d-44b5-86c8-95a61cd4731e,J88-1515-05674-01,SIM-B-FRNRET-J88151505674-NE_CRITICAL-000,2026-07-12,57,57,29.6,22,1687.2,CRITICAL
aaa00f8a-3703-47aa-9a15-1f43544ad287,ff4445cb-add6-4bca-9b1b-bcfa8c1953a9,EA1-E285-20051-01,SIM-B-FRNRET-EA1E28520051-NE_CRITICAL-011,2026-07-12,34,26,46,22,1564,CRITICAL
1af74e94-1eb8-4e4c-a5c2-39245537d6bd,64ff710c-c989-40e3-85a9-f7dbf941e486,J23-3588-00772-02,SIM-B-EMERGE-J23358800772-NE_CRITICAL-014,2026-07-12,138,76,0.3,22,41.4,CRITICAL
f33c6006-dfbf-4b80-bdd4-3314e3bf9d4c,63078148-c8f6-4537-b3f2-edcec7fd1bd4,FT0-4636-01342-01,SIM-B-FRNRET-FT0463601342-NE_CRITICAL-006,2026-07-12,130,56,0.52,22,67.6,CRITICAL
7a3cf1e9-a64e-41bf-91d2-27993110b823,ff4445cb-add6-4bca-9b1b-bcfa8c1953a9,F98-A720-12250-03,SIM-B-FRNRET-F98A72012250-NE_CRITICAL-010,2026-07-12,26,47,7.54,22,196.04,CRITICAL
adf62c0b-a046-4144-81b9-4d445b5a36b0,64b87f0b-d7de-46cc-9900-026be05d37d0,J30-6927-04696-01,SIM-B-FSCDAY-J30692704696-NE_CRITICAL-005,2026-07-13,34,72,1.94,23,65.96,CRITICAL
711db319-ab47-414a-893c-98ef7bfab3cb,c8deb8a8-4c5d-44b5-86c8-95a61cd4731e,J21-6230-04972-01,SIM-B-FRNRET-J21623004972-NE_CRITICAL-006,2026-07-13,83,37,2.41,23,200.03,CRITICAL
d07db325-9fd7-4a33-9cba-cf4081a71148,c8deb8a8-4c5d-44b5-86c8-95a61cd4731e,EY2-C548-02568-01,SIM-B-FRNRET-EY2C54802568-NE_CRITICAL-011,2026-07-13,140,44,0.81,23,113.4,CRITICAL
6ad48c2d-0a70-4909-a004-4fe5b8cb06cf,c8deb8a8-4c5d-44b5-86c8-95a61cd4731e,FT0-1472-03808-03,SIM-B-FRNRET-FT0147203808-NE_CRITICAL-002,2026-07-13,92,16,1.26,23,115.92,CRITICAL
d188c8ba-df82-4062-ba40-7d94c9a76f74,ff4445cb-add6-4bca-9b1b-bcfa8c1953a9,EJ6-A363-10929-01,SIM-B-FRNRET-EJ6A36310929-NE_CRITICAL-003,2026-07-13,48,32,10.59,23,508.32,CRITICAL
afc8821b-179f-45c5-97cd-b39d377542b1,ff4445cb-add6-4bca-9b1b-bcfa8c1953a9,J94-1099-02046-01,SIM-B-FRNRET-J94109902046-NE_CRITICAL-012,2026-07-13,21,24,7,23,147,CRITICAL
d532510d-f77a-4019-bcd9-1e2f1fc41809,0084942a-7f9c-4342-a2ef-afdd30ce7796,J94-1099-02046-01,SIM-B-FALCON-J94109902046-NE_CRITICAL-000,2026-07-13,88,58,7,23,616,CRITICAL
577a5681-bb53-47f1-b81b-1f6176d15fd1,0084942a-7f9c-4342-a2ef-afdd30ce7796,J76-2399-00157-02,SIM-B-FALCON-J76239900157-NE_CRITICAL-003,2026-07-13,13,59,157,23,2041,CRITICAL
3af8557a-3acd-41fa-b240-d9d30ae560c3,0084942a-7f9c-4342-a2ef-afdd30ce7796,J45-3867-02957-01,BASE-GENE-00049,2026-07-14,506,129,1.79,24,905.74,CRITICAL
4a5e0535-0574-452a-9e15-3517aa97f9e0,3b42936b-7b0f-4d51-806d-8ac6eab5009c,J23-3596-03616-01,SIM-B-FSCAMB-J23359603616-NE_CRITICAL-000,2026-07-14,80,65,0.68,24,54.4,CRITICAL
95b91586-e868-47b8-b674-21a3cb5a4492,b477cd79-c0e5-4dcf-9804-2be2ef47a936,EW2-A399-11104-01,SIM-B-FRNRET-EW2A39911104-NE_CRITICAL-003,2026-07-14,149,21,2.56,24,381.44,CRITICAL
c1d648c2-6fbf-4d07-9f82-28c96ac685ce,ff4445cb-add6-4bca-9b1b-bcfa8c1953a9,J23-3558-01969-01,SIM-B-FRNRET-J23355801969-NE_CRITICAL-002,2026-07-14,68,59,0.75,24,51,CRITICAL
59f1b389-34ca-4bdc-b2b5-c3ec90f7401a,0084942a-7f9c-4342-a2ef-afdd30ce7796,EV7-B667-13525-01,SIM-B-FALCON-EV7B66713525-NE_CRITICAL-013,2026-07-14,76,28,47.32,24,3596.32,CRITICAL
0739cc77-c58b-4501-954f-5eb6e9da941c,0084942a-7f9c-4342-a2ef-afdd30ce7796,K54-5190-03499-01,ENH-MAIN-00024,2026-07-15,224,59,7.91,25,1771.84,CRITICAL
a361c4bf-9470-4d39-9148-a87319fa07c0,bf2f1d66-b217-4b41-acb7-3605bd2ce28a,J30-6800-05791-01,SIM-B-FSCONC-J30680005791-NE_CRITICAL-010,2026-07-15,46,54,21.1,25,970.6,CRITICAL
78ffc14a-700d-49df-9190-beb0aaefb1e5,3b42936b-7b0f-4d51-806d-8ac6eab5009c,F91-E127-03894-01,SIM-B-FSCAMB-F91E12703894-NE_CRITICAL-010,2026-07-15,272,63,2.21,25,601.12,CRITICAL
4bd3354e-4a23-4825-82d0-ee2e5a7dea53,496cd94e-4f16-4a63-a599-7da8e75020a4,EA1-E285-20043-01,SIM-B-FRNRET-EA1E28520043-NE_CRITICAL-004,2026-07-15,53,39,41.4,25,2194.2,CRITICAL
08cfd103-5e85-4c8b-8255-b72058956dd5,63078148-c8f6-4537-b3f2-edcec7fd1bd4,DO2-C136-14492-01,SIM-B-FRNRET-DO2C13614492-NE_CRITICAL-010,2026-07-15,18,49,40,25,720,CRITICAL
81f50416-1a99-4c23-a5f7-1795c5a9887d,63078148-c8f6-4537-b3f2-edcec7fd1bd4,F91-E115-19587-01,SIM-B-FRNRET-F91E11519587-NE_CRITICAL-013,2026-07-15,61,35,10.28,25,627.08,CRITICAL
d7a744a2-242c-40c0-8588-f78bca496d8f,0084942a-7f9c-4342-a2ef-afdd30ce7796,F69-0666-05696-01,SIM-B-FALCON-F69066605696-NE_CRITICAL-015,2026-07-15,8,68,59.09,25,472.72,CRITICAL
636c7b3b-b6bf-4212-bfe7-0868d6561f22,c8deb8a8-4c5d-44b5-86c8-95a61cd4731e,E04-2481-02913-01,SIM-B-FRNRET-E04248102913-NE_CRITICAL-005,2026-07-15,34,18,5.78,25,196.52,CRITICAL
691314d5-e06e-446d-bd53-fbfa5519d629,ff4445cb-add6-4bca-9b1b-bcfa8c1953a9,DC2-8776-08642-02,BASE-COMM-07285,2026-07-16,215,58,10.5,26,2257.5,CRITICAL
9ae6d808-de11-460d-b5ef-4174f497cad1,ab160e78-8e1a-4ee1-8a0a-3ab4adba302b,J39-4212-04568-01,SIM-B-FGHORP-J39421204568-NE_CRITICAL-007,2026-07-16,80,53,8.95,26,716,CRITICAL
caee8b03-c22f-4609-9947-0ad6eb1e0ad9,8e5d3a05-f0d7-4a5a-9272-3b9b73802c23,F37-2741-04607-01,SIM-B-FSCDIA-F37274104607-NE_CRITICAL-014,2026-07-16,1,48,92,26,92,CRITICAL
fe0f25da-3110-4517-bc24-74582d734ed7,3ac8d640-6143-48b1-847a-ec720633e254,F91-D775-18715-01,SIM-B-FSCCAR-F91D77518715-NE_CRITICAL-013,2026-07-16,36,64,22.08,26,794.88,CRITICAL
401f4f3c-fab0-49fa-871a-00ff0e5ddd13,e8b717ca-3dbe-481d-a83a-1ac5aeb522fe,J82-6127-05085-01,SIM-B-FGHEME-J82612705085-NE_CRITICAL-015,2026-07-17,20,79,10.65,27,213,CRITICAL
d02fd3ae-186e-47ee-815c-8e099e1db436,3ac8d640-6143-48b1-847a-ec720633e254,J82-8721-02233-02,SIM-B-FSCCAR-J82872102233-NE_CRITICAL-003,2026-07-17,119,63,1.51,27,179.69,CRITICAL
2a9b62c1-3f17-447b-8d2c-4757996088fc,496cd94e-4f16-4a63-a599-7da8e75020a4,FS6-E141-19781-01,SIM-B-FRNRET-FS6E14119781-NE_CRITICAL-009,2026-07-17,34,27,23,27,782,CRITICAL
0b57c05b-0363-43a6-ad52-8d9b2fabf5bd,496cd94e-4f16-4a63-a599-7da8e75020a4,EJ6-A363-10929-01,SIM-B-FRNRET-EJ6A36310929-NE_CRITICAL-010,2026-07-17,44,41,10.59,27,465.96,CRITICAL
f6afe78c-0706-42dc-ae9a-dd4ca47aff07,ff4445cb-add6-4bca-9b1b-bcfa8c1953a9,F91-E115-19588-01,SIM-B-FRNRET-F91E11519588-NE_CRITICAL-008,2026-07-17,39,17,10.35,27,403.65,CRITICAL
6ce0acef-7cb9-483b-9ff5-7acfe01989a2,63078148-c8f6-4537-b3f2-edcec7fd1bd4,J83-2231-02641-02,SIM-B-FRNRET-J83223102641-NE_CRITICAL-011,2026-07-17,47,56,39,27,1833,CRITICAL
8ab5667c-ba17-4ef9-a6a2-d96055171ffd,bf2f1d66-b217-4b41-acb7-3605bd2ce28a,N70-1272-02923-02,BASE-SPEC-00438,2026-07-18,9,5,220.92,28,1988.28,CRITICAL
c991107e-25e1-4ec5-b20e-8d24d8958ee0,0084942a-7f9c-4342-a2ef-afdd30ce7796,AH4-8864-08822-01,ENH-MAIN-00834,2026-07-18,9,4,198.71,28,1788.39,CRITICAL
f6a9c9a0-be84-4e0c-b7cf-3bc8f232fea5,c8deb8a8-4c5d-44b5-86c8-95a61cd4731e,E04-0530-05985-01,BASE-COMM-02929,2026-07-18,2,5,218.4,28,436.8,CRITICAL
c81ef515-1ef9-4528-aa19-d98bb94bb581,3b42936b-7b0f-4d51-806d-8ac6eab5009c,L62-0858-01048-02,BASE-OR-05197,2026-07-18,62,19,40.23,28,2494.26,CRITICAL
09833c76-303f-48ac-977d-b4992b529325,f1c21a7b-b096-4416-ae32-343bb5fac048,J33-2921-02745-01,SIM-B-FGHMAI-J33292102745-NE_CRITICAL-000,2026-07-18,128,58,2.67,28,341.76,CRITICAL
651fad4b-314d-4208-83dd-e54bfdff44e8,3ac8d640-6143-48b1-847a-ec720633e254,EC5-A596-05781-01,SIM-B-FSCCAR-EC5A59605781-NE_CRITICAL-014,2026-07-18,136,59,1.55,28,210.8,CRITICAL
ba98f135-8eca-489e-aeba-e6e4a7bf53f3,64b87f0b-d7de-46cc-9900-026be05d37d0,J82-0611-00679-01,SIM-B-FSCDAY-J82061100679-NE_CRITICAL-006,2026-07-18,126,55,4.39,28,553.14,CRITICAL
b327b440-ffa9-4d10-96b9-559c4a3d8b63,3b42936b-7b0f-4d51-806d-8ac6eab5009c,J23-3967-04141-02,SIM-B-FSCAMB-J23396704141-NE_CRITICAL-013,2026-07-18,144,80,1.84,28,264.96,CRITICAL
7b613a5f-5586-44cb-ade5-bc917f50bd46,496cd94e-4f16-4a63-a599-7da8e75020a4,E53-1387-01819-01,SIM-B-FRNRET-E53138701819-NE_CRITICAL-005,2026-07-18,87,60,1.84,28,160.08,CRITICAL
1ee080c1-7e26-45de-9c7b-32d08c1e3fa5,0084942a-7f9c-4342-a2ef-afdd30ce7796,J23-3564-00235-01,SIM-B-FALCON-J23356400235-NE_CRITICAL-012,2026-07-18,116,23,0.13,28,15.08,CRITICAL
f7ea9372-b973-44dc-a883-8bc4a12e9422,0084942a-7f9c-4342-a2ef-afdd30ce7796,H78-4066-00361-02,ENH-MAIN-00023,2026-07-19,16,10,44.69,29,715.04,CRITICAL
c68428c9-d0be-4a07-b07d-8592f2b37778,0084942a-7f9c-4342-a2ef-afdd30ce7796,Q47-A757-11553-01,ENH-MAIN-00892,2026-07-19,16,9,20.07,29,321.12,CRITICAL
49ac44ea-e118-4c31-8621-4da5a87e20f0,b477cd79-c0e5-4dcf-9804-2be2ef47a936,K28-0776-03111-02,BASE-COMM-04956,2026-07-19,9,4,106.88,29,961.92,CRITICAL
ed2536cb-85ab-45aa-bf19-849cae4dacb7,8e5d3a05-f0d7-4a5a-9272-3b9b73802c23,FT0-E066-00174-02,SIM-B-FSCDIA-FT0E06600174-NE_CRITICAL-001,2026-07-19,113,57,1.98,29,223.74,CRITICAL
8e43d87d-76ed-4a43-88fa-7101518602a0,3b42936b-7b0f-4d51-806d-8ac6eab5009c,EC7-A324-10858-01,SIM-B-FSCAMB-EC7A32410858-NE_CRITICAL-014,2026-07-19,93,51,4,29,372,CRITICAL
c57d01bd-cc92-452d-8b00-2cde4c2d7bbc,c8deb8a8-4c5d-44b5-86c8-95a61cd4731e,F94-2437-02857-01,SIM-B-FRNRET-F94243702857-NE_CRITICAL-007,2026-07-19,26,21,6.36,29,165.36,CRITICAL
c12c5c60-67f0-4463-b34f-dc144df7409f,c8deb8a8-4c5d-44b5-86c8-95a61cd4731e,J36-4197-03643-01,SIM-B-FRNRET-J36419703643-NE_CRITICAL-013,2026-07-19,21,39,43,29,903,CRITICAL
08962b05-df6f-43d5-9c4c-6a1fecb60216,3ac8d640-6143-48b1-847a-ec720633e254,EU7-A442-17579-01,SIM-B-FSCCAR-EU7A44217579-NE_CRITICAL-016,2026-07-19,73,44,41.72,29,3045.56,CRITICAL
3f926832-6c14-4e3e-ad44-c2d2bea274c1,3ac8d640-6143-48b1-847a-ec720633e254,F26-8148-18118-01,SIM-B-FSCCAR-F26814818118-NE_WARNING-000,2026-07-20,9,24,83.48,30,751.32,CRITICAL
bff02356-6d02-4307-95c1-fca67432966c,3ac8d640-6143-48b1-847a-ec720633e254,E53-5907-06103-01,SIM-B-FSCCAR-E53590706103-NE_WARNING-007,2026-07-20,129,73,2.1,30,270.9,CRITICAL
da53ff94-2df0-4d0a-b2cd-5af1d9e41a64,c8deb8a8-4c5d-44b5-86c8-95a61cd4731e,E16-B478-12954-01,SIM-B-FRNRET-E16B47812954-NE_WARNING-003,2026-07-20,204,31,3.98,30,811.92,CRITICAL
e6c96456-46b9-4e30-9328-ef3dce8c3ccd,ff4445cb-add6-4bca-9b1b-bcfa8c1953a9,EA1-E285-20049-01,SIM-B-FRNRET-EA1E28520049-NE_WARNING-001,2026-07-20,82,52,43.7,30,3583.4,CRITICAL
50b43213-bc44-4de5-abd5-108c011d7ecd,63078148-c8f6-4537-b3f2-edcec7fd1bd4,EY2-C605-18095-01,SIM-B-FRNRET-EY2C60518095-NE_WARNING-014,2026-07-20,13,16,14.35,30,186.55,CRITICAL
f0e1727f-e2dc-48c0-9b4b-233dd8650700,0084942a-7f9c-4342-a2ef-afdd30ce7796,I88-0482-03853-01,ENH-MAIN-01116,2026-07-21,51,14,21.12,31,1077.12,CRITICAL
508a8224-cfd4-4f85-a84b-ec7a02f4d6ce,f1c21a7b-b096-4416-ae32-343bb5fac048,E41-5826-04134-01,SIM-B-FGHMAI-E41582604134-NE_WARNING-019,2026-07-21,67,39,19.07,31,1277.69,CRITICAL
60d305b2-e9e3-42d6-9bd7-1d34bfb2c503,8e5d3a05-f0d7-4a5a-9272-3b9b73802c23,DQ6-7747-00083-02,SIM-B-FSCDIA-DQ6774700083-NE_WARNING-009,2026-07-21,185,78,0.58,31,107.3,CRITICAL
e1084daa-9613-47e9-b3dc-3e0653e43d58,64b87f0b-d7de-46cc-9900-026be05d37d0,F26-7893-06346-01,SIM-B-FSCDAY-F26789306346-NE_WARNING-019,2026-07-21,37,24,102.82,31,3804.34,CRITICAL
278adf51-60f5-495c-9040-7dd45d98e9b7,b477cd79-c0e5-4dcf-9804-2be2ef47a936,J94-2926-03393-01,SIM-B-FRNRET-J94292603393-NE_WARNING-004,2026-07-21,70,38,17.86,31,1250.2,CRITICAL
3c0936b7-5aa7-4312-a87b-966cb4bf61c9,c8deb8a8-4c5d-44b5-86c8-95a61cd4731e,F91-D246-17944-01,SIM-B-FRNRET-F91D24617944-NE_WARNING-006,2026-07-21,100,54,1.96,31,196,CRITICAL
734b65c9-a0f8-43d6-9e61-9f34afe228d3,ff4445cb-add6-4bca-9b1b-bcfa8c1953a9,J77-7181-00774-01,SIM-B-FRNRET-J77718100774-NE_WARNING-004,2026-07-21,101,55,0.23,31,23.23,CRITICAL
c4239934-be6d-44d7-8d85-349735f2904a,63078148-c8f6-4537-b3f2-edcec7fd1bd4,FA6-A487-11160-01,SIM-B-FRNRET-FA6A48711160-NE_WARNING-008,2026-07-21,184,25,4.61,31,848.24,CRITICAL
4ff3ae15-b6a3-40df-ba55-a63a0ad81c3d,3ac8d640-6143-48b1-847a-ec720633e254,CE7-A313-10845-01,ENH-FSC-CARD-03664,2026-07-22,32,11,74,32,2368,CRITICAL
a59e4c8d-174a-4469-bef2-99d8b1d465f7,e8b717ca-3dbe-481d-a83a-1ac5aeb522fe,EY2-D516-18086-01,SIM-B-FGHEME-EY2D51618086-NE_WARNING-017,2026-07-22,236,26,3.51,32,828.36,CRITICAL
b443b3f5-d5c6-4c7f-b254-ac590338ab27,bf2f1d66-b217-4b41-acb7-3605bd2ce28a,EV6-B998-15107-01,SIM-B-FSCONC-EV6B99815107-NE_WARNING-011,2026-07-22,11,68,55,32,605,CRITICAL
a8f76dd7-8f89-4499-9e5c-e137cd518007,bf2f1d66-b217-4b41-acb7-3605bd2ce28a,F26-A063-10488-02,SIM-B-FSCONC-F26A06310488-NE_WARNING-015,2026-07-22,8,40,72.8,32,582.4,CRITICAL
4b5b6f74-3c65-473c-88df-36b3330a4c69,8e5d3a05-f0d7-4a5a-9272-3b9b73802c23,E93-4075-03667-01,SIM-B-FSCDIA-E93407503667-NE_WARNING-012,2026-07-22,86,20,3.68,32,316.48,CRITICAL
892c61b9-305a-4d21-96b9-2f31a4a62ffd,496cd94e-4f16-4a63-a599-7da8e75020a4,EK0-A365-10931-01,SIM-B-FRNRET-EK0A36510931-NE_WARNING-014,2026-07-22,26,34,9.25,32,240.5,CRITICAL
bf8d144f-8c79-4048-94eb-3a8551096100,8e5d3a05-f0d7-4a5a-9272-3b9b73802c23,E44-0538-02988-02,BASE-GENE-03067,2026-07-23,61,17,42.5,33,2592.5,CRITICAL
d5bd4753-41fe-4c9e-b4c5-97fc97fcfd69,ab160e78-8e1a-4ee1-8a0a-3ab4adba302b,J23-3967-04141-01,SIM-B-FGHORP-J23396704141-NE_WARNING-006,2026-07-23,102,69,2.57,33,262.14,CRITICAL
de636268-936e-4dd7-ad38-a0e19962cbf0,ab160e78-8e1a-4ee1-8a0a-3ab4adba302b,EC5-A596-05781-03,SIM-B-FGHORP-EC5A59605781-NE_WARNING-018,2026-07-23,183,58,1.8,33,329.4,CRITICAL
0268a77e-f82a-453b-a775-b3686be85712,3b42936b-7b0f-4d51-806d-8ac6eab5009c,F91-E180-03912-01,SIM-B-FSCAMB-F91E18003912-NE_WARNING-010,2026-07-23,104,36,2.02,33,210.08,CRITICAL
b6922b0b-05d8-44ac-abcc-ff93aee80017,e8b717ca-3dbe-481d-a83a-1ac5aeb522fe,J91-7517-03706-01,SIM-B-FGHEME-J91751703706-NE_WARNING-024,2026-07-24,50,36,0.89,34,44.5,CRITICAL
e5bcaf4c-c4a7-4084-872a-ed79cab8edbf,ab160e78-8e1a-4ee1-8a0a-3ab4adba302b,F71-6886-06977-01,SIM-B-FGHORP-F71688606977-NE_WARNING-021,2026-07-24,78,37,1.11,34,86.58,CRITICAL
508c0bb3-4d13-4b35-9fef-9651a20f1dc6,c8deb8a8-4c5d-44b5-86c8-95a61cd4731e,J23-3967-04141-02,SIM-B-FRNRET-J23396704141-NE_WARNING-012,2026-07-24,171,47,1.84,34,314.64,CRITICAL
98c29dd8-90a8-45cd-a326-f0dd745b7c00,c8deb8a8-4c5d-44b5-86c8-95a61cd4731e,E11-0700-00788-02,SIM-B-FRNRET-E11070000788-NE_WARNING-022,2026-07-24,35,46,13.58,34,475.3,CRITICAL
c7f05f09-60ad-4a4d-8956-3cb8b8a24fd0,63078148-c8f6-4537-b3f2-edcec7fd1bd4,E15-0441-02874-02,SIM-B-FRNRET-E15044102874-NE_WARNING-022,2026-07-24,86,18,0.35,34,30.1,CRITICAL
bcd0c985-4821-4191-a4ec-c10bf47a1eb5,0084942a-7f9c-4342-a2ef-afdd30ce7796,J88-B914-13896-02,SIM-B-FALCON-J88B91413896-NE_WARNING-014,2026-07-24,59,30,34,34,2006,CRITICAL
21909835-14c4-42f7-913c-dec76da42caf,c8deb8a8-4c5d-44b5-86c8-95a61cd4731e,H01-4970-05686-01,BASE-COMM-06510,2026-07-25,30,8,41.94,35,1258.2,CRITICAL
bc1c718e-98e9-4f95-8b55-96dd13370641,64b87f0b-d7de-46cc-9900-026be05d37d0,BH2-C419-02756-01,ENH-FSC-DAY-03202,2026-07-25,32,14,26.71,35,854.72,CRITICAL
11981d8c-c7fd-49be-a720-e890661d2b06,ab160e78-8e1a-4ee1-8a0a-3ab4adba302b,E11-0700-00788-01,SIM-B-FGHORP-E11070000788-NE_WARNING-024,2026-07-25,52,53,13.76,35,715.52,CRITICAL
d4cdd605-ee03-4580-a32f-bf6e863a4f1b,496cd94e-4f16-4a63-a599-7da8e75020a4,J38-6179-06365-01,SIM-B-FRNRET-J38617906365-NE_WARNING-009,2026-07-25,76,16,24.7,35,1877.2,CRITICAL
0228afcf-b9fe-421f-8bd4-7563661fa70c,63078148-c8f6-4537-b3f2-edcec7fd1bd4,G45-3021-06801-01,BASE-COMM-00188,2026-07-26,155,41,14.57,36,2258.35,CRITICAL
2e52940d-6db3-4111-83e4-211e7a7299ca,64ff710c-c989-40e3-85a9-f7dbf941e486,E73-4502-02139-01,BASE-ER-02858,2026-07-26,67,17,30.25,36,2026.75,CRITICAL
23896b53-b322-4752-9057-d037702c9c31,8e5d3a05-f0d7-4a5a-9272-3b9b73802c23,F05-4736-03815-01,SIM-B-FSCDIA-F05473603815-NE_WARNING-000,2026-07-26,66,60,13.34,36,880.44,CRITICAL
c723da55-f9ee-448d-bc9a-b9100dbc3dcb,64b87f0b-d7de-46cc-9900-026be05d37d0,F27-2580-01392-01,SIM-B-FSCDAY-F27258001392-NE_WARNING-023,2026-07-26,89,29,44,36,3916,CRITICAL
07beddee-4208-47c3-a7c3-23882be0ef9b,64b87f0b-d7de-46cc-9900-026be05d37d0,EC5-A899-05073-01,SIM-B-FSCDAY-EC5A89905073-NE_WARNING-002,2026-07-26,51,25,1.33,36,67.83,CRITICAL
9fd3b707-b932-46ff-bd62-c0af931c71cf,64b87f0b-d7de-46cc-9900-026be05d37d0,J23-3555-01692-01,SIM-B-FSCDAY-J23355501692-NE_WARNING-021,2026-07-26,48,79,7.98,36,383.04,CRITICAL
cb6afd9b-35f0-455a-b800-8ebc2838d66e,b477cd79-c0e5-4dcf-9804-2be2ef47a936,EE2-A336-10885-01,SIM-B-FRNRET-EE2A33610885-NE_WARNING-003,2026-07-26,54,19,15,36,810,CRITICAL
5f214929-3dd0-45d0-8e65-3875b2ff3295,c8deb8a8-4c5d-44b5-86c8-95a61cd4731e,F72-3993-04361-01,SIM-B-FRNRET-F72399304361-NE_WARNING-017,2026-07-26,78,58,0.5,36,39,CRITICAL
3767168a-f8c5-4fe5-88f2-805830fb519c,ff4445cb-add6-4bca-9b1b-bcfa8c1953a9,DR6-4747-05035-02,SIM-B-FRNRET-DR6474705035-NE_WARNING-009,2026-07-26,15,34,23.4,36,351,CRITICAL
f004cb95-ca76-4779-9e1b-dafef5334d6e,f1c21a7b-b096-4416-ae32-343bb5fac048,E50-2610-02929-01,SIM-B-FGHMAI-E50261002929-NE_WARNING-012,2026-07-27,101,70,0.59,37,59.59,CRITICAL
8248820f-c35f-4716-83e3-25fec8dbdabc,8e5d3a05-f0d7-4a5a-9272-3b9b73802c23,E53-1663-02582-01,SIM-B-FSCDIA-E53166302582-NE_WARNING-001,2026-07-27,173,74,2.64,37,456.72,CRITICAL
e279c3e5-194f-4672-a908-49475b77fe86,3b42936b-7b0f-4d51-806d-8ac6eab5009c,EC5-E485-20610-01,SIM-B-FSCAMB-EC5E48520610-NE_WARNING-025,2026-07-27,127,23,1.1,37,139.7,CRITICAL
94b8bf33-cfb9-4824-ba70-c6d61cffabd3,3b42936b-7b0f-4d51-806d-8ac6eab5009c,J30-6547-06663-01,SIM-B-FSCAMB-J30654706663-NE_WARNING-014,2026-07-27,149,41,1.66,37,247.34,CRITICAL
c4f4ff05-fadb-49dc-b6b4-c1dcf34f5534,ff4445cb-add6-4bca-9b1b-bcfa8c1953a9,E50-5350-05660-01,SIM-B-FRNRET-E50535005660-NE_WARNING-008,2026-07-27,69,37,14,37,966,CRITICAL
93aa32e7-4844-4887-8872-7f192d8df962,ff4445cb-add6-4bca-9b1b-bcfa8c1953a9,EA1-E285-20047-01,SIM-B-FRNRET-EA1E28520047-NE_WARNING-022,2026-07-27,62,58,42.55,37,2638.1,CRITICAL
02b433b4-6013-4c67-bb5e-0b3cd28118be,63078148-c8f6-4537-b3f2-edcec7fd1bd4,FT0-4637-03186-01,SIM-B-FRNRET-FT0463703186-NE_WARNING-017,2026-07-27,224,34,2.7,37,604.8,CRITICAL
f3bcb90b-3549-4a4a-8058-907e65684dcb,8e5d3a05-f0d7-4a5a-9272-3b9b73802c23,J23-4548-01300-01,ENH-FSC-DIAL-03387,2026-07-28,36,15,32.78,38,1180.08,CRITICAL
7313e0d7-6418-4e81-b007-5af433d1cd99,bf2f1d66-b217-4b41-acb7-3605bd2ce28a,J76-2399-00157-02,SIM-B-FSCONC-J76239900157-NE_WARNING-006,2026-07-28,22,32,157,38,3454,CRITICAL
10aa872c-2b84-44dd-a921-69206f6af64f,bf2f1d66-b217-4b41-acb7-3605bd2ce28a,J82-0450-00513-02,SIM-B-FSCONC-J82045000513-NE_WARNING-018,2026-07-28,162,39,0.26,38,42.12,CRITICAL
af354e4f-9605-4c57-bcd9-068f971f073e,64b87f0b-d7de-46cc-9900-026be05d37d0,J33-6048-06244-01,SIM-B-FSCDAY-J33604806244-NE_WARNING-020,2026-07-28,53,42,1.32,38,69.96,CRITICAL
68f07f2f-9b7d-4c70-abb5-0145c06035fe,0084942a-7f9c-4342-a2ef-afdd30ce7796,E42-2718-01016-01,SIM-B-FALCON-E42271801016-NE_WARNING-015,2026-07-28,81,68,11.65,38,943.65,CRITICAL
b05b790a-8647-42b4-97da-965d160bd16e,ff4445cb-add6-4bca-9b1b-bcfa8c1953a9,E08-5952-00113-01,SIM-B-FRNRET-E08595200113-NE_WARNING-019,2026-07-28,85,37,5.08,38,431.8,CRITICAL
fc86961a-54e8-4871-9562-8ad7cb727de1,64b87f0b-d7de-46cc-9900-026be05d37d0,J82-7326-04971-01,SIM-B-FSCDAY-J82732604971-NE_WARNING-024,2026-07-29,243,26,2.27,39,551.61,CRITICAL
9a11f6c5-44f6-4682-9459-b0b5d64d2da8,b477cd79-c0e5-4dcf-9804-2be2ef47a936,E50-2609-00432-01,SIM-B-FRNRET-E50260900432-NE_WARNING-009,2026-07-30,181,27,0.59,40,106.79,CRITICAL
72cb7607-4ffd-455d-a12a-3de20de5f597,0084942a-7f9c-4342-a2ef-afdd30ce7796,A76-0202-00758-01,ENH-MAIN-01030,2026-07-31,179,50,10.86,41,1943.94,CRITICAL
3d3d2123-ad98-4978-b8bd-8020d60084b7,e8b717ca-3dbe-481d-a83a-1ac5aeb522fe,J30-6204-04144-01,SIM-B-FGHEME-J30620404144-NE_WARNING-020,2026-07-31,5,70,2.31,41,11.55,CRITICAL
1efae92d-1fd0-4a01-a004-50a30247d227,3b42936b-7b0f-4d51-806d-8ac6eab5009c,E11-5398-07300-01,SIM-B-FSCAMB-E11539807300-NE_WARNING-021,2026-07-31,250,53,2.72,41,680,CRITICAL
9dd15ddd-c99f-4ee7-91f5-1702ab292f67,496cd94e-4f16-4a63-a599-7da8e75020a4,J30-6200-04970-01,SIM-B-FRNRET-J30620004970-NE_WARNING-013,2026-07-31,112,56,1.73,41,193.76,CRITICAL
c08c5e9a-75c0-46d7-b202-8c066f0afec2,63078148-c8f6-4537-b3f2-edcec7fd1bd4,E45-D466-17886-01,SIM-B-FRNRET-E45D46617886-NE_WARNING-013,2026-07-31,29,51,5.58,41,161.82,CRITICAL
de3498d2-9251-48b7-9384-6c05a4552d47,e8b717ca-3dbe-481d-a83a-1ac5aeb522fe,F94-4124-04480-01,SIM-B-FGHEME-F94412404480-NE_WARNING-006,2026-08-01,119,53,3.27,42,389.13,CRITICAL
d53ec2b4-d108-4a4e-b232-7654adc13fa0,ab160e78-8e1a-4ee1-8a0a-3ab4adba302b,E16-0384-00443-01,SIM-B-FGHORP-E16038400443-NE_WARNING-000,2026-08-01,172,55,1.07,42,184.04,CRITICAL
c3287b1c-5fcc-44ad-a4a3-d05ebee53335,63078148-c8f6-4537-b3f2-edcec7fd1bd4,FS6-A697-11597-01,SIM-B-FRNRET-FS6A69711597-NE_WARNING-019,2026-08-01,51,37,33,42,1683,CRITICAL
015d0b5f-67fd-4092-a98b-2327abec3de1,bf2f1d66-b217-4b41-acb7-3605bd2ce28a,J23-3555-01692-01,SIM-B-FSCONC-J23355501692-NE_WARNING-002,2026-08-02,51,62,7.98,43,406.98,CRITICAL
3f605de0-89ee-4d0a-be19-83209b1aa94c,64b87f0b-d7de-46cc-9900-026be05d37d0,EU7-A442-11060-02,SIM-B-FSCDAY-EU7A44211060-NE_WARNING-014,2026-08-02,24,58,70.99,43,1703.76,CRITICAL
79bcb38c-aaa6-46b0-847f-f878ab444913,3ac8d640-6143-48b1-847a-ec720633e254,H21-2971-03479-01,BASE-GENE-06322,2026-08-03,175,45,15.79,44,2763.25,CRITICAL
bd422fac-ce9b-4672-9777-ab681015fbff,ab160e78-8e1a-4ee1-8a0a-3ab4adba302b,F06-1366-04480-01,SIM-B-FGHORP-F06136604480-NE_WARNING-008,2026-08-03,165,44,4.3,44,709.5,CRITICAL
6229d914-1a4a-44a4-bc4b-8fd2ab47dd0a,ab160e78-8e1a-4ee1-8a0a-3ab4adba302b,FQ8-A659-03203-01,SIM-B-FGHORP-FQ8A65903203-NE_WARNING-026,2026-08-03,188,25,2.39,44,449.32,CRITICAL
522fad70-d77f-4447-ad40-01211adeb637,bf2f1d66-b217-4b41-acb7-3605bd2ce28a,EI4-A361-06725-01,SIM-B-FSCONC-EI4A36106725-NE_WARNING-024,2026-08-03,36,37,9.08,44,326.88,CRITICAL
1c311efa-f11d-4620-8d74-5a6a6ad154c1,8e5d3a05-f0d7-4a5a-9272-3b9b73802c23,F04-5454-01851-01,SIM-B-FSCDIA-F04545401851-NE_WARNING-024,2026-08-03,82,63,9,44,738,CRITICAL
a1060e42-5a96-4efa-80c4-fa9a53e7aef3,3ac8d640-6143-48b1-847a-ec720633e254,EJ4-A363-10928-01,SIM-B-FSCCAR-EJ4A36310928-NE_WARNING-010,2026-08-03,54,47,8.22,44,443.88,CRITICAL
c7be77ef-a351-4912-89aa-2b60c3e2b1f9,496cd94e-4f16-4a63-a599-7da8e75020a4,F36-6114-06315-01,SIM-B-FRNRET-F36611406315-NE_WARNING-000,2026-08-03,6,36,337.64,44,2025.84,CRITICAL
eb8b3554-52ed-4eed-b0d3-f38aa2e38cd1,64ff710c-c989-40e3-85a9-f7dbf941e486,E45-6417-05025-03,SIM-B-EMERGE-E45641705025-NE_WARNING-009,2026-08-03,14,65,141.81,44,1985.34,CRITICAL
9f593905-b1c2-4bca-ae97-8347c6a3c24a,64ff710c-c989-40e3-85a9-f7dbf941e486,J23-3967-04140-02,SIM-B-EMERGE-J23396704140-NE_WARNING-011,2026-08-03,234,47,1.93,44,451.62,CRITICAL
4e442da9-94ec-404a-b4e2-90251cfa98df,c8deb8a8-4c5d-44b5-86c8-95a61cd4731e,E15-0441-02874-03,SIM-B-FRNRET-E15044102874-NE_WARNING-021,2026-08-03,98,50,0.44,44,43.12,CRITICAL
a072bdfc-0979-491b-877d-263000bf71cc,8e5d3a05-f0d7-4a5a-9272-3b9b73802c23,H21-4630-04167-01,ENH-FSC-DIAL-03418,2026-08-04,59,17,50.68,45,2990.12,CRITICAL
cc97d2a9-d030-49f9-9f40-fa55e386c333,bf2f1d66-b217-4b41-acb7-3605bd2ce28a,J23-3705-05103-01,SIM-B-FSCONC-J23370505103-NE_WARNING-019,2026-08-04,151,43,1.73,45,261.23,CRITICAL
8f118b42-755f-4652-8594-47aa6c76b926,8e5d3a05-f0d7-4a5a-9272-3b9b73802c23,J23-3705-05104-01,SIM-B-FSCDIA-J23370505104-NE_WARNING-004,2026-08-04,38,74,3.13,45,118.94,CRITICAL
1c47c32a-9df2-4e0b-a7a3-2923726ca678,c8deb8a8-4c5d-44b5-86c8-95a61cd4731e,F67-5477-05016-01,SIM-B-FRNRET-F67547705016-NE_WARNING-018,2026-08-04,41,40,18.27,45,749.07,CRITICAL
1d30240a-c00b-444f-8f88-e118618e66dd,e8b717ca-3dbe-481d-a83a-1ac5aeb522fe,K54-A346-10903-02,BASE-ER-03679,2026-08-05,33,14,74.8,46,2468.4,CRITICAL
f7b6ef88-3302-4b66-928b-7cf81348bfeb,b477cd79-c0e5-4dcf-9804-2be2ef47a936,EW0-0766-11080-02,BASE-COMM-05253,2026-08-05,5,4,193.35,46,966.75,CRITICAL
82666d9c-b7c8-4689-9fce-25a3176419ed,8e5d3a05-f0d7-4a5a-9272-3b9b73802c23,J36-4197-03644-01,SIM-B-FSCDIA-J36419703644-NE_WARNING-017,2026-08-05,34,71,43,46,1462,CRITICAL
5cf64783-fc37-4bd7-becf-29bea014e36f,c8deb8a8-4c5d-44b5-86c8-95a61cd4731e,F26-A071-10502-02,SIM-B-FRNRET-F26A07110502-NE_WARNING-013,2026-08-05,29,31,102.82,46,2981.78,CRITICAL
169454cc-5f83-4a43-a8d9-9c1132053bea,63078148-c8f6-4537-b3f2-edcec7fd1bd4,E13-0398-06087-01,SIM-B-FRNRET-E13039806087-NE_WARNING-004,2026-08-05,60,59,49,46,2940,CRITICAL
629fd93e-bfd0-4cf3-b64a-ce2ff84cd035,64b87f0b-d7de-46cc-9900-026be05d37d0,I27-4157-04524-01,BASE-ER-05385,2026-08-06,47,14,75.11,47,3530.17,CRITICAL
4eda3926-1dbf-481c-a6ad-232567536df5,e8b717ca-3dbe-481d-a83a-1ac5aeb522fe,K54-4392-02163-01,ENH-FGH-ER-04313,2026-08-06,15,12,64.94,47,974.1,CRITICAL
c6de1acc-1ad2-44ee-9b6a-b914c03c761c,0084942a-7f9c-4342-a2ef-afdd30ce7796,T17-7463-04464-01,ENH-MAIN-00001,2026-08-06,39,15,41.14,47,1604.46,CRITICAL
58bc3824-2e1e-4347-8ea9-4648c17104e4,8e5d3a05-f0d7-4a5a-9272-3b9b73802c23,EY2-D777-05399-01,SIM-B-FSCDIA-EY2D77705399-NE_WARNING-023,2026-08-06,156,55,1.14,47,177.84,CRITICAL
8e3af0a3-591f-4839-9ced-2fe56763a9a2,ff4445cb-add6-4bca-9b1b-bcfa8c1953a9,F38-4540-01437-01,SIM-B-FRNRET-F38454001437-NE_WARNING-013,2026-08-06,67,26,5.73,47,383.91,CRITICAL
8e6f4d97-a93d-4df6-81dd-6cbbe0a1f2d8,0084942a-7f9c-4342-a2ef-afdd30ce7796,E11-0700-00788-02,SIM-B-FALCON-E11070000788-NE_WARNING-010,2026-08-06,39,30,13.58,47,529.62,CRITICAL
b897bc9a-186a-4293-8a4b-b25c6ef507c8,64ff710c-c989-40e3-85a9-f7dbf941e486,F68-1941-02423-01,SIM-B-EMERGE-F68194102423-NE_WARNING-012,2026-08-06,74,64,12.92,47,956.08,CRITICAL
44793c80-b9c3-423f-bea1-ae8ad5bfc7b5,b477cd79-c0e5-4dcf-9804-2be2ef47a936,DQ6-3173-03600-02,SIM-B-FRNRET-DQ6317303600-NE_WARNING-021,2026-08-06,60,52,187,47,11220,CRITICAL
21de1030-79ea-442b-b85b-660596171381,0084942a-7f9c-4342-a2ef-afdd30ce7796,M08-3835-04143-01,ENH-MAIN-00418,2026-08-07,12,4,313.69,48,3764.28,CRITICAL
13696ab4-eb1c-4aa3-a32c-c6737021aee1,c8deb8a8-4c5d-44b5-86c8-95a61cd4731e,FT1-A705-11476-01,SIM-B-FRNRET-FT1A70511476-NE_WARNING-008,2026-08-07,11,28,99.69,48,1096.59,CRITICAL
a9d9ef8d-d9a9-49c9-88e7-4d902286794c,0084942a-7f9c-4342-a2ef-afdd30ce7796,J39-3701-05313-01,SIM-B-FALCON-J39370105313-NE_WARNING-012,2026-08-07,80,50,24.52,48,1961.6,CRITICAL
3b78fe0d-5ad6-4168-83a1-4c6de0c61a71,64ff710c-c989-40e3-85a9-f7dbf941e486,J23-3576-04341-01,SIM-B-EMERGE-J23357604341-NE_WARNING-023,2026-08-07,150,28,0.16,48,24,CRITICAL
3a7aacaf-b54a-4e91-95a6-cf44d906c986,f1c21a7b-b096-4416-ae32-343bb5fac048,Q24-B501-05645-01,BASE-GENE-04636,2026-08-08,10,14,11.93,49,119.3,CRITICAL
855fb690-e667-439a-ad12-236778b6f139,f1c21a7b-b096-4416-ae32-343bb5fac048,E53-1662-06964-01,SIM-B-FGHMAI-E53166206964-NE_WARNING-008,2026-08-08,74,70,3.2,49,236.8,CRITICAL
42cade9a-2d71-463e-b912-e1f2fd69317d,8e5d3a05-f0d7-4a5a-9272-3b9b73802c23,F30-5746-01839-01,SIM-B-FSCDIA-F30574601839-NE_WARNING-026,2026-08-08,234,73,1.75,49,409.5,CRITICAL
1c4f4e81-5fde-4e12-97eb-8090b5864125,b477cd79-c0e5-4dcf-9804-2be2ef47a936,EA1-E285-20046-01,SIM-B-FRNRET-EA1E28520046-NE_WARNING-012,2026-08-08,38,36,43.12,49,1638.56,CRITICAL
eb6bca52-dff9-408b-99de-d02eac6dbfce,b477cd79-c0e5-4dcf-9804-2be2ef47a936,QY5-E194-19777-01,BASE-COMM-05066,2026-08-09,177,48,12.25,50,2168.25,CRITICAL
7909e96c-73a7-4a4e-93f0-99ace114c8b1,bf2f1d66-b217-4b41-acb7-3605bd2ce28a,J23-3582-03945-01,SIM-B-FSCONC-J23358203945-NE_WARNING-012,2026-08-09,100,70,1.2,50,120,CRITICAL
3f44b97f-dc3a-4f12-ab5c-e6dece95eaa0,63078148-c8f6-4537-b3f2-edcec7fd1bd4,F26-0567-00641-05,SIM-B-FRNRET-F26056700641-NE_WARNING-016,2026-08-09,81,17,35.9,50,2907.9,CRITICAL
26603981-615b-438e-918b-5f133d808b1a,bf2f1d66-b217-4b41-acb7-3605bd2ce28a,EA1-E285-20046-01,SIM-B-FSCONC-EA1E28520046-NE_WARNING-007,2026-08-10,44,32,43.12,51,1897.28,CRITICAL
2972c597-bd9b-4830-901a-d02c9291e96a,3ac8d640-6143-48b1-847a-ec720633e254,J23-3580-00333-01,SIM-B-FSCCAR-J23358000333-NE_WARNING-008,2026-08-10,34,64,14.88,51,505.92,CRITICAL
12085264-bfb0-49a6-912a-9188876e93bb,3ac8d640-6143-48b1-847a-ec720633e254,F03-4128-04498-01,SIM-B-FSCCAR-F03412804498-NE_WARNING-012,2026-08-10,76,65,5.8,51,440.8,CRITICAL
2b939dbe-ef56-4db5-bfaa-3744d7ab8e0a,64b87f0b-d7de-46cc-9900-026be05d37d0,F72-3999-07614-03,SIM-B-FSCDAY-F72399907614-NE_WARNING-013,2026-08-10,178,66,0.6,51,106.8,CRITICAL
9b59287b-a54a-4d5c-9247-2cfdd188d150,64ff710c-c989-40e3-85a9-f7dbf941e486,EA1-E285-20046-01,SIM-B-EMERGE-EA1E28520046-NE_WARNING-000,2026-08-10,39,37,43.12,51,1681.68,CRITICAL
6df1901f-4be9-4c14-ba59-69960c4250ab,64ff710c-c989-40e3-85a9-f7dbf941e486,F68-4000-04327-02,SIM-B-EMERGE-F68400004327-NE_WARNING-015,2026-08-10,65,48,1.11,51,72.15,CRITICAL
9012254f-5f7c-4d36-ba54-bfa35a4b5af6,d84f043a-6753-445a-afd9-df51c677189d,F72-3999-07614-01,SIM-B-FGHICU-F72399907614-NE_WARNING-002,2026-08-11,29,57,0.58,52,16.82,CRITICAL
22cec74e-9eff-41cd-af70-407f2783f32f,ab160e78-8e1a-4ee1-8a0a-3ab4adba302b,J89-5292-05626-01,SIM-B-FGHORP-J89529205626-NE_WARNING-020,2026-08-11,62,75,15,52,930,CRITICAL
e8ce63bd-ffca-4d8b-bffb-e683737c87ed,bf2f1d66-b217-4b41-acb7-3605bd2ce28a,E50-4350-02706-02,SIM-B-FSCONC-E50435002706-NE_WARNING-026,2026-08-11,63,45,44.68,52,2814.84,CRITICAL
711d1d98-0d3b-492c-889f-62261b68e8c2,3b42936b-7b0f-4d51-806d-8ac6eab5009c,E13-0398-06087-01,SIM-B-FSCAMB-E13039806087-NE_WARNING-006,2026-08-11,49,51,49,52,2401,CRITICAL
077ffe08-e8d5-4a6c-9efc-f69f8dd00a9c,3b42936b-7b0f-4d51-806d-8ac6eab5009c,J33-2921-02745-01,SIM-B-FSCAMB-J33292102745-NE_WARNING-015,2026-08-11,139,27,2.67,52,371.13,CRITICAL
c7ac6e44-a223-40b8-b86d-3d842fe42400,f1c21a7b-b096-4416-ae32-343bb5fac048,EI4-A361-06725-01,SIM-B-FGHMAI-EI4A36106725-NE_WARNING-009,2026-08-12,46,32,9.08,53,417.68,CRITICAL
3a59ba98-9e01-48ae-b9bd-6b5f8a50813d,e8b717ca-3dbe-481d-a83a-1ac5aeb522fe,FT0-1472-03808-03,SIM-B-FGHEME-FT0147203808-NE_WARNING-023,2026-08-12,75,35,1.26,53,94.5,CRITICAL
6b3f987c-f118-4d8d-ba13-704033366985,496cd94e-4f16-4a63-a599-7da8e75020a4,J82-8721-02233-02,SIM-B-FRNRET-J82872102233-NE_WARNING-005,2026-08-12,184,36,1.51,53,277.84,CRITICAL
ccac3c08-72ad-4cfd-897e-a82a6c9ceb4d,ff4445cb-add6-4bca-9b1b-bcfa8c1953a9,E11-5398-05682-01,SIM-B-FRNRET-E11539805682-NE_WARNING-020,2026-08-12,213,28,2.3,53,489.9,CRITICAL
0f718b1d-6286-4efc-af44-3b08224a8fd6,64ff710c-c989-40e3-85a9-f7dbf941e486,J23-3596-03613-02,SIM-B-EMERGE-J23359603613-NE_WARNING-025,2026-08-12,226,33,1.44,53,325.44,CRITICAL
18787ffc-aaf0-482c-b9d3-be4362b7d252,3b42936b-7b0f-4d51-806d-8ac6eab5009c,FT0-4636-01342-01,SIM-B-FSCAMB-FT0463601342-NE_WARNING-020,2026-08-13,138,37,0.52,54,71.76,CRITICAL
55438b3c-7fba-40ec-bf72-7138d8697605,496cd94e-4f16-4a63-a599-7da8e75020a4,F72-3993-04325-01,SIM-B-FRNRET-F72399304325-NE_WARNING-021,2026-08-13,38,48,0.6,54,22.8,CRITICAL
609758c2-9b24-42bc-a475-afbe34bde62c,b477cd79-c0e5-4dcf-9804-2be2ef47a936,J23-3575-04309-02,SIM-B-FRNRET-J23357504309-NE_WARNING-023,2026-08-13,65,32,2.79,54,181.35,CRITICAL
bc066ecc-0df5-4a98-8b45-4685617d5b8f,ff4445cb-add6-4bca-9b1b-bcfa8c1953a9,J88-1515-05674-01,SIM-B-FRNRET-J88151505674-NE_WARNING-003,2026-08-13,30,37,29.6,54,888,CRITICAL
0f6da75b-3471-46f3-85ad-dc6ee45831c0,63078148-c8f6-4537-b3f2-edcec7fd1bd4,FT0-E066-00173-01,SIM-B-FRNRET-FT0E06600173-NE_WARNING-000,2026-08-13,247,54,0.89,54,219.83,CRITICAL
03dbc284-31b0-4fce-b49b-74ba53473ae2,63078148-c8f6-4537-b3f2-edcec7fd1bd4,J82-7326-04971-01,SIM-B-FRNRET-J82732604971-NE_WARNING-001,2026-08-13,229,44,2.27,54,519.83,CRITICAL
519a9197-95a1-4664-bba3-3b25739846c3,0084942a-7f9c-4342-a2ef-afdd30ce7796,J23-4112-05477-02,SIM-B-FALCON-J23411205477-NE_WARNING-017,2026-08-13,185,49,1.19,54,220.15,CRITICAL
a7e8f5d6-7d1a-41ba-886a-53786fb30a12,bf2f1d66-b217-4b41-acb7-3605bd2ce28a,E93-4938-05645-01,SIM-B-FSCONC-E93493805645-NE_WARNING-020,2026-08-13,28,60,2.45,54,68.6,CRITICAL
5856f5e3-3c3e-4de7-8b18-fd956eba3f05,ab160e78-8e1a-4ee1-8a0a-3ab4adba302b,EV7-B211-16849-01,SIM-B-FGHORP-EV7B21116849-NE_WARNING-025,2026-08-14,58,61,5.96,55,345.68,CRITICAL
0e865b8e-7703-41a7-8b35-b0d382111b3e,8e5d3a05-f0d7-4a5a-9272-3b9b73802c23,J23-3588-00769-01,SIM-B-FSCDIA-J23358800769-NE_WARNING-013,2026-08-14,88,64,5.98,55,526.24,CRITICAL
eb77c1a5-536a-4c19-81c9-ad7e55cd6260,c8deb8a8-4c5d-44b5-86c8-95a61cd4731e,E43-2719-01110-01,SIM-B-FRNRET-E43271901110-NE_WARNING-010,2026-08-14,97,59,21.65,55,2100.05,CRITICAL
3ee3ff41-ee42-4ab1-9f38-64dbc9f8285b,64ff710c-c989-40e3-85a9-f7dbf941e486,FM3-A608-11364-01,SIM-B-EMERGE-FM3A60811364-NE_WARNING-008,2026-08-14,208,74,1.97,55,409.76,CRITICAL
88f3e5b4-b942-4ed9-89c3-3cce586fcb20,64ff710c-c989-40e3-85a9-f7dbf941e486,F74-1687-03274-01,SIM-B-EMERGE-F74168703274-NE_WARNING-018,2026-08-14,27,72,177.72,55,4798.44,CRITICAL
821a94c5-afb4-4f14-b67e-eb97a4da4df2,bf2f1d66-b217-4b41-acb7-3605bd2ce28a,J23-3571-04195-02,SIM-B-FSCONC-J23357104195-NE_WARNING-008,2026-08-15,84,47,2.7,56,226.8,CRITICAL
8a93d2d8-c695-4083-863a-3525ef8b6b36,8e5d3a05-f0d7-4a5a-9272-3b9b73802c23,F91-E115-19588-01,SIM-B-FSCDIA-F91E11519588-NE_WARNING-018,2026-08-15,56,39,10.35,56,579.6,CRITICAL
8b678461-49b7-42e6-8e1e-4ff1e441eec6,b477cd79-c0e5-4dcf-9804-2be2ef47a936,E11-1643-04615-01,SIM-B-FRNRET-E11164304615-NE_WARNING-002,2026-08-15,66,46,13.13,56,866.58,CRITICAL
d7c30b58-0362-404d-aced-5e7d8d3b0120,c8deb8a8-4c5d-44b5-86c8-95a61cd4731e,F91-D549-18360-01,SIM-B-FRNRET-F91D54918360-NE_WARNING-009,2026-08-15,76,53,3.74,56,284.24,CRITICAL
5ac70547-12e6-4f06-8ac5-3bb2d0f68243,3b42936b-7b0f-4d51-806d-8ac6eab5009c,J23-3596-03613-01,SIM-B-FSCAMB-J23359603613-NE_WARNING-022,2026-08-15,142,75,1,56,142,CRITICAL
c38e61b4-19d3-4e58-b223-efd4e218f3f5,f1c21a7b-b096-4416-ae32-343bb5fac048,BC3-9869-10252-01,ENH-FGH-MAIN-01742,2026-08-16,32,20,85.82,57,2746.24,CRITICAL
4f72e8e7-8666-4872-bf67-44da10728d1d,0084942a-7f9c-4342-a2ef-afdd30ce7796,DO3-A126-10599-02,BASE-GENE-04793,2026-08-16,78,20,87.54,57,6828.12,CRITICAL
d944432d-6f0b-4328-aec7-6ec42dabffca,f1c21a7b-b096-4416-ae32-343bb5fac048,FO3-E211-19930-01,SIM-B-FGHMAI-FO3E21119930-NE_WARNING-007,2026-08-16,87,51,28,57,2436,CRITICAL
9e6ad2d6-37b5-4e57-9dde-6fccd993504e,e8b717ca-3dbe-481d-a83a-1ac5aeb522fe,E45-D466-17888-01,SIM-B-FGHEME-E45D46617888-NE_WARNING-018,2026-08-16,99,45,5.81,57,575.19,CRITICAL
e69c6ca3-a921-48b9-b51a-25ef13503a13,8e5d3a05-f0d7-4a5a-9272-3b9b73802c23,J39-0165-01178-01,SIM-B-FSCDIA-J39016501178-NE_WARNING-010,2026-08-16,190,20,0.68,57,129.2,CRITICAL
895c58d1-ebe0-4519-a915-c843c82eed09,8e5d3a05-f0d7-4a5a-9272-3b9b73802c23,FT0-2782-17638-01,SIM-B-FSCDIA-FT0278217638-NE_WARNING-022,2026-08-16,206,49,4.55,57,937.3,CRITICAL
83f7304c-51e8-4cc3-a250-5bb0f218756e,64b87f0b-d7de-46cc-9900-026be05d37d0,EC5-C446-00303-01,SIM-B-FSCDAY-EC5C44600303-NE_WARNING-026,2026-08-16,144,41,1.29,57,185.76,CRITICAL
f62a8b25-9df2-49d6-81f3-b7aa25dbe617,496cd94e-4f16-4a63-a599-7da8e75020a4,DO2-B774-13581-01,SIM-B-FRNRET-DO2B77413581-NE_WARNING-011,2026-08-16,36,38,36,57,1296,CRITICAL
a1fe555e-674a-467d-8146-455a69bfa0cc,c8deb8a8-4c5d-44b5-86c8-95a61cd4731e,J82-6327-00730-01,SIM-B-FRNRET-J82632700730-NE_WARNING-005,2026-08-16,248,44,0.52,57,128.96,CRITICAL
8911463c-cc31-4287-95cb-8c007e35a145,0084942a-7f9c-4342-a2ef-afdd30ce7796,F38-2125-01455-01,SIM-B-FALCON-F38212501455-NE_WARNING-022,2026-08-16,173,45,0.5,57,86.5,CRITICAL
6f078c66-f279-41d6-9f79-50409fb7f1d6,e8b717ca-3dbe-481d-a83a-1ac5aeb522fe,F76-2421-05567-01,BASE-ER-06692,2026-08-17,46,17,72.38,58,3329.48,CRITICAL
58fb01f5-c051-4443-ac42-ba406f4959af,ab160e78-8e1a-4ee1-8a0a-3ab4adba302b,J81-5393-03528-01,SIM-B-FGHORP-J81539303528-NE_WARNING-011,2026-08-17,214,80,2.82,58,603.48,CRITICAL
ea79e451-5f18-4948-8243-0b128f901e9f,bf2f1d66-b217-4b41-acb7-3605bd2ce28a,EU7-A442-17781-01,SIM-B-FSCONC-EU7A44217781-NE_WARNING-001,2026-08-17,92,32,41.72,58,3838.24,CRITICAL
ffefae23-b9bd-4ee7-a5ba-4a14e25acf45,b477cd79-c0e5-4dcf-9804-2be2ef47a936,F69-1647-08883-03,SIM-B-FRNRET-F69164708883-NE_WARNING-006,2026-08-17,70,53,34.65,58,2425.5,CRITICAL
33915907-f458-4aaf-883b-9d1bde948e1f,496cd94e-4f16-4a63-a599-7da8e75020a4,FT0-C009-02829-01,SIM-B-FRNRET-FT0C00902829-NE_WARNING-007,2026-08-17,71,50,22.79,58,1618.09,CRITICAL
44921e95-8650-42ab-a798-3a2c6910a7de,0084942a-7f9c-4342-a2ef-afdd30ce7796,KW0-7027-02364-01,ENH-MAIN-00073,2026-08-18,8,4,473.98,59,3791.84,CRITICAL
0e1bda3d-2b78-4a97-bb3a-7a2ed2c81b55,bf2f1d66-b217-4b41-acb7-3605bd2ce28a,J23-3593-05422-01,SIM-B-FSCONC-J23359305422-NE_WARNING-025,2026-08-18,55,25,6.38,59,350.9,CRITICAL
d75e0fae-86f9-454f-b4cf-dc8f551764ee,3ac8d640-6143-48b1-847a-ec720633e254,J23-3565-00248-01,SIM-B-FSCCAR-J23356500248-NE_WARNING-026,2026-08-18,105,67,0.14,59,14.7,CRITICAL
5ad662ba-a75f-413c-a184-371d4b8d1736,496cd94e-4f16-4a63-a599-7da8e75020a4,F26-1383-00129-01,SIM-B-FRNRET-F26138300129-NE_WARNING-019,2026-08-18,66,16,25.32,59,1671.12,CRITICAL
abc7f089-54da-43c9-ad8d-1c23480b0c8d,c8deb8a8-4c5d-44b5-86c8-95a61cd4731e,F26-5156-03525-01,SIM-B-FRNRET-F26515603525-NE_WARNING-007,2026-08-18,68,45,1.6,59,108.8,CRITICAL
332deafb-b649-4ba7-920e-5f85dea7a721,63078148-c8f6-4537-b3f2-edcec7fd1bd4,H68-7360-07336-01,BASE-COMM-03111,2026-08-19,37,14,16.68,60,617.16,CRITICAL
7f360c2b-a968-4f81-91bb-83143c7c70b4,64b87f0b-d7de-46cc-9900-026be05d37d0,F91-D775-18715-01,BASE-ER-07342,2026-08-19,10,9,54.62,60,546.2,CRITICAL
1add4ba6-b58c-4c20-98fb-0c75a6991689,b477cd79-c0e5-4dcf-9804-2be2ef47a936,F69-4200-05724-01,SIM-B-FRNRET-F69420005724-NE_WARNING-001,2026-08-19,71,49,27.85,60,1977.35,CRITICAL
ba5ddb63-3945-4d4f-85d7-a6872e542eb6,496cd94e-4f16-4a63-a599-7da8e75020a4,EE7-2855-10899-02,SIM-B-FRNRET-EE7285510899-NE_WARNING-023,2026-08-19,27,15,17.48,60,471.96,CRITICAL
e3c24d1e-6b2d-4439-9fca-43956c089aa4,63078148-c8f6-4537-b3f2-edcec7fd1bd4,F26-A066-10493-02,SIM-B-FRNRET-F26A06610493-NE_WARNING-010,2026-08-19,15,19,78.4,60,1176,CRITICAL
6f046278-a44d-47e2-a62d-1c0023d0aae4,0084942a-7f9c-4342-a2ef-afdd30ce7796,FT0-1472-18887-01,SIM-B-FALCON-FT0147218887-NE_WARNING-008,2026-08-19,67,37,8.96,60,600.32,CRITICAL
63294f58-f03c-49fa-b8f0-e3ed891154b3,64ff710c-c989-40e3-85a9-f7dbf941e486,F24-5848-06058-01,SIM-B-EMERGE-F24584806058-NE_WARNING-026,2026-08-19,16,34,118.4,60,1894.4,CRITICAL
ef741a5b-ca63-438a-a349-7203f11e43b0,64ff710c-c989-40e3-85a9-f7dbf941e486,FM0-A622-05056-01,SIM-B-EMERGE-FM0A62205056-NE_WARNING-005,2026-08-19,200,77,0.13,60,26,CRITICAL
a50730ad-0c7f-4ed7-ba2f-e437ca56f12f,3b42936b-7b0f-4d51-806d-8ac6eab5009c,EC5-E416-20387-01,SIM-B-FSCAMB-EC5E41620387-NE_WARNING-018,2026-08-19,47,61,16.35,60,768.45,CRITICAL
6fefc215-68e4-4afd-b4af-057f27411298,0084942a-7f9c-4342-a2ef-afdd30ce7796,EC5-A899-05073-01,ENH-MAIN-00589,2026-08-20,45,17,96.58,61,4346.1,CRITICAL
a662aeae-0218-4aa4-a80c-b3791befe977,3b42936b-7b0f-4d51-806d-8ac6eab5009c,E09-3087-03537-01,BASE-OR-02528,2026-08-20,19,9,98.43,61,1870.17,CRITICAL
0639d34f-466b-42bf-a313-d89dcee6dffe,3ac8d640-6143-48b1-847a-ec720633e254,FT0-E066-00174-01,SIM-B-FSCCAR-FT0E06600174-NE_WARNING-022,2026-08-20,65,78,1.99,61,129.35,CRITICAL
eb00eea6-bcc0-4e3d-a09d-4185a538ae54,64b87f0b-d7de-46cc-9900-026be05d37d0,F91-E129-19621-01,SIM-B-FSCDAY-F91E12919621-NE_WARNING-022,2026-08-20,185,64,2.6,61,481,CRITICAL
c8f2514a-5cf0-4688-8bfb-e7d420d2594c,b477cd79-c0e5-4dcf-9804-2be2ef47a936,J23-3562-01773-01,SIM-B-FRNRET-J23356201773-NE_WARNING-016,2026-08-20,236,32,2.33,61,549.88,CRITICAL
6464ca59-83c8-4319-aa77-8212578e09a5,496cd94e-4f16-4a63-a599-7da8e75020a4,J23-3571-18296-01,SIM-B-FRNRET-J23357118296-NE_WARNING-020,2026-08-20,105,47,1.5,61,157.5,CRITICAL
94dea3a0-01d4-44d7-8d63-17c74f4cda78,63078148-c8f6-4537-b3f2-edcec7fd1bd4,F33-4506-03188-01,SIM-B-FRNRET-F33450603188-NE_WARNING-015,2026-08-20,209,40,3.36,61,702.24,CRITICAL
d697996c-01f8-4546-9c84-718ace882ae9,bf2f1d66-b217-4b41-acb7-3605bd2ce28a,Q77-C146-00519-03,BASE-SPEC-02698,2026-08-21,50,19,12.62,62,631,CRITICAL
7a585fb0-538d-4531-946b-10b6e21287b5,f1c21a7b-b096-4416-ae32-343bb5fac048,E45-D466-17890-01,SIM-B-FGHMAI-E45D46617890-NE_WARNING-005,2026-08-21,76,33,5.8,62,440.8,CRITICAL
04b4cf3b-f8fd-4630-992f-1966bf02deac,e8b717ca-3dbe-481d-a83a-1ac5aeb522fe,E05-4196-04765-02,SIM-B-FGHEME-E05419604765-NE_WARNING-004,2026-08-21,21,38,30.81,62,647.01,CRITICAL
28662ce8-3ba8-4c9b-8b78-42a59946bed9,8e5d3a05-f0d7-4a5a-9272-3b9b73802c23,FT0-5778-02136-03,SIM-B-FSCDIA-FT0577802136-NE_WARNING-002,2026-08-21,66,45,35.11,62,2317.26,CRITICAL
05f146db-3536-4483-aac8-3ce003b38320,3b42936b-7b0f-4d51-806d-8ac6eab5009c,E06-0366-05221-01,SIM-B-FSCAMB-E06036605221-NE_WARNING-026,2026-08-21,26,64,105.51,62,2743.26,CRITICAL
fa5e966c-0fa7-4588-81ed-eee3d943f892,ff4445cb-add6-4bca-9b1b-bcfa8c1953a9,F33-4506-03188-01,SIM-B-FRNRET-F33450603188-NE_WARNING-024,2026-08-21,115,31,3.36,62,386.4,CRITICAL
47d68601-cf53-4061-992d-0304da981f69,ff4445cb-add6-4bca-9b1b-bcfa8c1953a9,F04-5454-01851-01,SIM-B-FRNRET-F04545401851-NE_WARNING-018,2026-08-21,35,55,9,62,315,CRITICAL
6ed15c47-b4eb-469e-9246-7620ca648e69,63078148-c8f6-4537-b3f2-edcec7fd1bd4,E93-4152-04520-01,SIM-B-FRNRET-E93415204520-NE_WARNING-011,2026-08-21,64,50,10.91,62,698.24,CRITICAL
784df97c-aef6-44b0-8f68-b25bcf5be138,64ff710c-c989-40e3-85a9-f7dbf941e486,E08-1742-02205-01,SIM-B-EMERGE-E08174202205-NE_WARNING-021,2026-08-21,199,26,3,62,597,CRITICAL
893d8791-4b86-4eb8-926b-11632358fe9c,f1c21a7b-b096-4416-ae32-343bb5fac048,J23-3967-04141-01,SIM-B-FGHMAI-J23396704141-NE_WARNING-000,2026-08-22,111,58,2.57,63,285.27,CRITICAL
8eb1051c-70f6-4398-8ef5-e540becacc84,64ff710c-c989-40e3-85a9-f7dbf941e486,F38-2123-02318-01,SIM-B-EMERGE-F38212302318-NE_WARNING-022,2026-08-22,100,40,0.53,63,53,CRITICAL
59fe66ea-749c-475d-8107-1c0132947051,496cd94e-4f16-4a63-a599-7da8e75020a4,EY2-C605-05798-01,SIM-B-FRNRET-EY2C60505798-NE_WARNING-017,2026-08-22,66,38,27.15,63,1791.9,CRITICAL
e3731992-2992-4a41-b118-e02982dfbeec,f1c21a7b-b096-4416-ae32-343bb5fac048,E11-4705-07507-01,SIM-B-FGHMAI-E11470507507-NE_WARNING-014,2026-08-23,129,44,4.12,64,531.48,CRITICAL
7d940abf-f56f-4da1-98ac-af43a263db9d,3ac8d640-6143-48b1-847a-ec720633e254,FM9-4867-11383-02,SIM-B-FSCCAR-FM9486711383-NE_WARNING-025,2026-08-23,192,48,0.48,64,92.16,CRITICAL
c68c6390-0e90-4ea1-b3f1-0b71edd3a960,3b42936b-7b0f-4d51-806d-8ac6eab5009c,EU7-A442-17877-01,SIM-B-FSCAMB-EU7A44217877-NE_WARNING-009,2026-08-23,38,25,41.72,64,1585.36,CRITICAL
e9217575-f974-4fe6-b7b6-ad3d7259dae2,496cd94e-4f16-4a63-a599-7da8e75020a4,J94-1099-02046-01,SIM-B-FRNRET-J94109902046-NE_WARNING-001,2026-08-23,34,15,7,64,238,CRITICAL
b65c7ae6-6e75-456a-8710-69dc24c77bca,496cd94e-4f16-4a63-a599-7da8e75020a4,E08-4751-03227-01,SIM-B-FRNRET-E08475103227-NE_WARNING-006,2026-08-23,71,29,29.4,64,2087.4,CRITICAL
f2b14958-a307-4b8f-823b-8d977f254b19,496cd94e-4f16-4a63-a599-7da8e75020a4,J39-4253-05312-02,SIM-B-FRNRET-J39425305312-NE_WARNING-015,2026-08-23,30,41,25.15,64,754.5,CRITICAL
8150ac31-b5b7-4f21-86ef-c4192bc457fc,ff4445cb-add6-4bca-9b1b-bcfa8c1953a9,FT0-1472-03808-03,SIM-B-FRNRET-FT0147203808-NE_WARNING-017,2026-08-23,222,53,1.26,64,279.72,CRITICAL
f2602637-4ad3-4fc2-bf24-5790b3e5157a,0084942a-7f9c-4342-a2ef-afdd30ce7796,F26-8148-07932-01,SIM-B-FALCON-F26814807932-NE_WARNING-009,2026-08-23,36,59,130.41,64,4694.76,CRITICAL
e3242e46-3a21-4f3f-970a-d49bde35a963,64ff710c-c989-40e3-85a9-f7dbf941e486,EK2-A365-10933-01,SIM-B-EMERGE-EK2A36510933-NE_WARNING-001,2026-08-23,89,23,9.43,64,839.27,CRITICAL
cba68dac-8418-4367-81b3-01a508e6a9ba,e8b717ca-3dbe-481d-a83a-1ac5aeb522fe,J23-3592-00511-01,SIM-B-FGHEME-J23359200511-NE_WARNING-010,2026-08-24,112,56,0.95,65,106.4,CRITICAL
cd29c1ec-9d1b-4e5e-9f9f-7e2705d778ef,64b87f0b-d7de-46cc-9900-026be05d37d0,J23-3557-04795-01,SIM-B-FSCDAY-J23355704795-NE_WARNING-000,2026-08-24,221,53,0.32,65,70.72,CRITICAL
deb04004-e503-4ae7-a237-ad6830de03cf,3b42936b-7b0f-4d51-806d-8ac6eab5009c,F24-8631-16459-01,SIM-B-FSCAMB-F24863116459-NE_WARNING-002,2026-08-24,33,72,78.4,65,2587.2,CRITICAL
7a9abcfe-e916-4e69-8c6c-32ca2e9d17f4,b477cd79-c0e5-4dcf-9804-2be2ef47a936,EC5-B005-00169-01,SIM-B-FRNRET-EC5B00500169-NE_WARNING-000,2026-08-24,53,18,13.42,65,711.26,CRITICAL
762d1c53-49a6-4b00-ba17-d9c0c5cf7659,63078148-c8f6-4537-b3f2-edcec7fd1bd4,E11-4705-03674-01,SIM-B-FRNRET-E11470503674-NE_WARNING-006,2026-08-24,54,30,1.23,65,66.42,CRITICAL
0bdead79-ef32-47ba-883e-480a90be8335,64ff710c-c989-40e3-85a9-f7dbf941e486,J30-7058-00730-01,SIM-B-EMERGE-J30705800730-NE_WARNING-007,2026-08-24,86,57,0.48,65,41.28,CRITICAL
2a7127f5-6167-44a8-8e60-b4ddbea9a3a8,0084942a-7f9c-4342-a2ef-afdd30ce7796,K67-2945-03453-02,ENH-MAIN-00151,2026-08-25,48,18,79.98,66,3839.04,CRITICAL
c1fe6773-60d5-434b-b3c2-a9c603615aff,ab160e78-8e1a-4ee1-8a0a-3ab4adba302b,F63-5795-04176-01,BASE-OR-01480,2026-08-25,19,11,93.03,66,1767.57,CRITICAL
4a1d28ec-34f6-4eea-a0be-c95a7a92dfdc,e8b717ca-3dbe-481d-a83a-1ac5aeb522fe,F81-4747-05035-02,ENH-FGH-ER-04322,2026-08-25,109,32,6.74,66,734.66,CRITICAL
66190ea8-2be2-4144-9675-9812829d2bc7,ab160e78-8e1a-4ee1-8a0a-3ab4adba302b,E50-B636-13360-01,SIM-B-FGHORP-E50B63613360-NE_WARNING-005,2026-08-25,59,75,34.3,66,2023.7,CRITICAL
6a93e0f7-73a9-415e-aad9-10f93092cc23,3ac8d640-6143-48b1-847a-ec720633e254,F27-3775-03467-01,SIM-B-FSCCAR-F27377503467-NE_WARNING-024,2026-08-25,76,75,36,66,2736,CRITICAL
5de5f89b-c4e6-420f-a6bd-dae56ac88ac9,0084942a-7f9c-4342-a2ef-afdd30ce7796,FT0-2782-17638-01,SIM-B-FALCON-FT0278217638-NE_WARNING-002,2026-08-25,219,76,4.55,66,996.45,CRITICAL
2762c44b-1557-4e8d-81d3-59a100325108,64ff710c-c989-40e3-85a9-f7dbf941e486,J38-1251-01572-01,SIM-B-EMERGE-J38125101572-NE_WARNING-016,2026-08-25,191,50,1.18,66,225.38,CRITICAL
eac5b71d-a4af-46b0-be27-580dcb12f538,8e5d3a05-f0d7-4a5a-9272-3b9b73802c23,K54-9168-01628-02,BASE-GENE-00751,2026-08-26,26,14,33.2,67,863.2,CRITICAL
0743fee5-17da-4a67-97c2-ff6e19afefd1,f1c21a7b-b096-4416-ae32-343bb5fac048,F33-4506-03186-01,SIM-B-FGHMAI-F33450603186-NE_WARNING-021,2026-08-26,13,54,1.87,67,24.31,CRITICAL
3372d80c-1353-47b2-b881-d24e0e026a60,ab160e78-8e1a-4ee1-8a0a-3ab4adba302b,EV6-B600-13506-01,SIM-B-FGHORP-EV6B60013506-NE_WARNING-010,2026-08-26,39,29,34.5,67,1345.5,CRITICAL
89d0df34-c366-46c0-a313-03ba52a93cad,bf2f1d66-b217-4b41-acb7-3605bd2ce28a,F67-5771-01099-01,SIM-B-FSCONC-F67577101099-NE_WARNING-017,2026-08-26,42,57,19.12,67,803.04,CRITICAL
4c63ddb4-2bf6-4af0-bfc4-5f70bb6b75cd,b477cd79-c0e5-4dcf-9804-2be2ef47a936,J23-3596-03613-02,SIM-B-FRNRET-J23359603613-NE_WARNING-005,2026-08-26,163,29,1.44,67,234.72,CRITICAL
3c116c8c-7a9c-4bf0-bfaf-e24425fbf9b0,63078148-c8f6-4537-b3f2-edcec7fd1bd4,J82-5823-03847-01,SIM-B-FRNRET-J82582303847-NE_WARNING-003,2026-08-26,37,47,7.43,67,274.91,CRITICAL
0faf8a71-2d36-4af6-b955-596780a71a63,0084942a-7f9c-4342-a2ef-afdd30ce7796,G45-4243-01671-02,BASE-GENE-02436,2026-08-27,510,129,12.17,68,6206.7,CRITICAL
27fed018-b073-473a-8763-b6500b67a0ee,496cd94e-4f16-4a63-a599-7da8e75020a4,L69-7341-07316-01,BASE-COMM-05238,2026-08-27,30,16,49.76,68,1492.8,CRITICAL
4a3dd626-54c6-4d48-8417-4808c3159719,e8b717ca-3dbe-481d-a83a-1ac5aeb522fe,EV7-B667-13525-01,SIM-B-FGHEME-EV7B66713525-NE_WARNING-005,2026-08-27,100,72,47.32,68,4732,CRITICAL
f4811e5e-ffb6-4ad6-91ec-f6768e0cf7eb,e8b717ca-3dbe-481d-a83a-1ac5aeb522fe,EC5-E416-20387-01,SIM-B-FGHEME-EC5E41620387-NE_WARNING-011,2026-08-27,30,52,16.35,68,490.5,CRITICAL
b054fab4-45ef-4e64-90e9-eb13957431fc,e8b717ca-3dbe-481d-a83a-1ac5aeb522fe,EZ3-A445-11152-01,SIM-B-FGHEME-EZ3A44511152-NE_WARNING-013,2026-08-27,92,24,2.63,68,241.96,CRITICAL
2d141322-7f5b-4638-9687-e231d5256654,8e5d3a05-f0d7-4a5a-9272-3b9b73802c23,J74-E086-19533-01,SIM-B-FSCDIA-J74E08619533-NE_WARNING-011,2026-08-27,27,69,196.67,68,5310.09,CRITICAL
5d38d976-40a7-4805-a3fe-68236011e778,8e5d3a05-f0d7-4a5a-9272-3b9b73802c23,E16-0384-00443-01,SIM-B-FSCDIA-E16038400443-NE_WARNING-014,2026-08-27,53,29,1.07,68,56.71,CRITICAL
c9abcade-38b4-423b-903e-36e77ebe9621,0084942a-7f9c-4342-a2ef-afdd30ce7796,S19-7049-07698-01,ENH-MAIN-00800,2026-08-28,244,64,18.68,69,4557.92,CRITICAL
1adbce25-32a9-41f2-b91e-9d79157cb7e2,3b42936b-7b0f-4d51-806d-8ac6eab5009c,RG4-7974-07683-01,BASE-OR-01785,2026-08-28,65,19,38.17,69,2481.05,CRITICAL
bcc0bfc0-6543-4ffc-98ed-fd84f1e69b84,e8b717ca-3dbe-481d-a83a-1ac5aeb522fe,H21-1972-04363-02,ENH-FGH-ER-04298,2026-08-28,34,10,86.2,69,2930.8,CRITICAL
2aea0161-3922-44ef-8b0b-a853e4df3be8,f1c21a7b-b096-4416-ae32-343bb5fac048,J91-8858-02821-01,SIM-B-FGHMAI-J91885802821-NE_WARNING-006,2026-08-28,74,40,0.62,69,45.88,CRITICAL
956a7255-ff1f-4cac-b2b8-40bb226d366c,3b42936b-7b0f-4d51-806d-8ac6eab5009c,J30-7276-01768-02,SIM-B-FSCAMB-J30727601768-NE_WARNING-011,2026-08-28,165,65,1.1,69,181.5,CRITICAL
a18d5f1a-9dc6-4bdb-9c8d-220614302aa9,c8deb8a8-4c5d-44b5-86c8-95a61cd4731e,F69-1647-19593-01,SIM-B-FRNRET-F69164719593-NE_WARNING-004,2026-08-28,65,46,25.2,69,1638,CRITICAL
a0895e98-0170-40b9-8645-fe5dfd4dff5b,0084942a-7f9c-4342-a2ef-afdd30ce7796,J91-2171-00782-01,SIM-B-FALCON-J91217100782-NE_WARNING-004,2026-08-28,68,65,38.16,69,2594.88,CRITICAL
3adcba71-d42c-43b1-bb57-d4b28cc75439,bf2f1d66-b217-4b41-acb7-3605bd2ce28a,J23-3585-03477-01,SIM-B-FSCONC-J23358503477-NE_WARNING-016,2026-08-29,136,59,1.33,70,180.88,CRITICAL
42b2c99a-0afa-4261-961a-c1c1490b50b8,8e5d3a05-f0d7-4a5a-9272-3b9b73802c23,FS9-2849-02488-02,SIM-B-FSCDIA-FS9284902488-NE_WARNING-020,2026-08-29,76,80,11.98,70,910.48,CRITICAL
e6bbc48c-c521-49b2-a396-78696cabd596,b477cd79-c0e5-4dcf-9804-2be2ef47a936,E53-7203-07200-01,SIM-B-FRNRET-E53720307200-NE_WARNING-010,2026-08-29,108,17,1.32,70,142.56,CRITICAL
b9d44616-ef1b-46b3-a48c-67efeec702a5,b477cd79-c0e5-4dcf-9804-2be2ef47a936,F26-A071-20102-01,SIM-B-FRNRET-F26A07120102-NE_WARNING-011,2026-08-29,32,58,82.4,70,2636.8,CRITICAL
128492ec-baa5-44aa-a153-c3d1957583d2,c8deb8a8-4c5d-44b5-86c8-95a61cd4731e,J23-3586-02910-01,SIM-B-FRNRET-J23358602910-NE_WARNING-014,2026-08-29,153,60,0.44,70,67.32,CRITICAL
e81397f9-f8d4-44cd-940e-a741acc5c40c,0084942a-7f9c-4342-a2ef-afdd30ce7796,E05-4196-04765-01,SIM-B-FALCON-E05419604765-NE_WARNING-018,2026-08-29,67,64,16.04,70,1074.68,CRITICAL
24e29a20-efdc-42e9-a19e-6bc1a1118f6e,0084942a-7f9c-4342-a2ef-afdd30ce7796,EK6-A369-10935-01,SIM-B-FALCON-EK6A36910935-NE_WARNING-007,2026-08-29,70,66,7.47,70,522.9,CRITICAL
82af55a0-0a6d-4ea4-b08f-9c36dd95fc34,64ff710c-c989-40e3-85a9-f7dbf941e486,J23-3967-04141-02,SIM-B-EMERGE-J23396704141-NE_WARNING-013,2026-08-29,128,65,1.84,70,235.52,CRITICAL
03a42ddb-a20b-40ea-ae70-72d343258e8d,0084942a-7f9c-4342-a2ef-afdd30ce7796,H77-3257-03779-01,ENH-MAIN-00894,2026-08-30,50,16,35.17,71,1758.5,CRITICAL
64ff04db-78f6-4b8c-9131-1c0299764654,c8deb8a8-4c5d-44b5-86c8-95a61cd4731e,Z64-8734-08610-01,BASE-COMM-07625,2026-08-30,70,19,70.56,71,4939.2,CRITICAL
ef1c0452-975f-4876-b532-d8a31f660932,d84f043a-6753-445a-afd9-df51c677189d,J27-3624-05026-01,ENH-FGH-ICU-04129,2026-08-30,97,29,17.9,71,1736.3,CRITICAL
2f95f077-87da-4db5-9a8c-600d1bcd527c,e8b717ca-3dbe-481d-a83a-1ac5aeb522fe,J82-6327-00728-01,SIM-B-FGHEME-J82632700728-NE_WARNING-003,2026-08-30,207,74,0.49,71,101.43,CRITICAL
3fbbecbe-5dfe-4185-a453-f6cc10791624,ab160e78-8e1a-4ee1-8a0a-3ab4adba302b,FT1-A705-11476-01,SIM-B-FGHORP-FT1A70511476-NE_WARNING-023,2026-08-30,13,55,99.69,71,1295.97,CRITICAL
55251398-6e47-40cc-9ea3-1c67fe5a3865,3ac8d640-6143-48b1-847a-ec720633e254,FM0-A622-05056-01,SIM-B-FSCCAR-FM0A62205056-NE_WARNING-016,2026-08-30,155,66,0.13,71,20.15,CRITICAL
af0561f5-0773-4be5-9b2f-3ebf3d933553,8e5d3a05-f0d7-4a5a-9272-3b9b73802c23,J61-3723-00951-02,ENH-FSC-DIAL-03541,2026-08-31,60,19,88.02,72,5281.2,CRITICAL
5a36ce1e-6266-48a9-a51f-fea2ffb8777d,e8b717ca-3dbe-481d-a83a-1ac5aeb522fe,F98-A720-12250-01,SIM-B-FGHEME-F98A72012250-NE_WARNING-019,2026-08-31,95,61,7.7,72,731.5,CRITICAL
a48a27fb-38f2-45c1-a42e-a19ab387dcc3,ab160e78-8e1a-4ee1-8a0a-3ab4adba302b,F68-1941-02423-01,SIM-B-FGHORP-F68194102423-NE_WARNING-002,2026-08-31,12,20,12.92,72,155.04,CRITICAL
5a1c425c-a697-4dd6-a3ce-caf9aa24ed59,3ac8d640-6143-48b1-847a-ec720633e254,J23-3580-00334-02,SIM-B-FSCCAR-J23358000334-NE_WARNING-011,2026-08-31,89,27,0.57,72,50.73,CRITICAL
3c31631a-9d64-434e-ae63-58b86db9312d,b477cd79-c0e5-4dcf-9804-2be2ef47a936,EV6-B998-15107-01,SIM-B-FRNRET-EV6B99815107-NE_WARNING-022,2026-08-31,5,52,55,72,275,CRITICAL
3e4c3fca-5e4e-456e-8d2b-c7b903801c44,c8deb8a8-4c5d-44b5-86c8-95a61cd4731e,E55-3093-03603-01,SIM-B-FRNRET-E55309303603-NE_WARNING-015,2026-08-31,27,19,56.25,72,1518.75,CRITICAL
322ac358-7789-4379-856f-119edf9adcbc,f1c21a7b-b096-4416-ae32-343bb5fac048,F28-1488-01973-01,SIM-B-FGHMAI-F28148801973-NE_WARNING-023,2026-09-01,200,52,3.78,73,756,CRITICAL
144c8e43-36c0-40cb-9c87-028963a778a8,3b42936b-7b0f-4d51-806d-8ac6eab5009c,J94-0714-05007-01,SIM-B-FSCAMB-J94071405007-NE_WARNING-001,2026-09-01,49,45,41.37,73,2027.13,CRITICAL
86af40ab-87d0-43ac-b072-ced8a6e42db9,b477cd79-c0e5-4dcf-9804-2be2ef47a936,EE7-2855-11079-02,SIM-B-FRNRET-EE7285511079-NE_WARNING-007,2026-09-01,58,21,17.48,73,1013.84,CRITICAL
6d242c08-efab-4095-8289-b1db8f84e198,ff4445cb-add6-4bca-9b1b-bcfa8c1953a9,J23-3596-03613-01,SIM-B-FRNRET-J23359603613-NE_WARNING-005,2026-09-01,170,33,1,73,170,CRITICAL
a4593512-cf2f-46f0-ab9f-0aaa5d23b0b3,63078148-c8f6-4537-b3f2-edcec7fd1bd4,F72-3994-07613-01,SIM-B-FRNRET-F72399407613-NE_WARNING-018,2026-09-01,200,33,0.35,73,70,CRITICAL
6887393f-782b-4dd5-89f5-7f6572adbdbd,0084942a-7f9c-4342-a2ef-afdd30ce7796,J74-E086-19533-01,SIM-B-FALCON-J74E08619533-NE_WARNING-006,2026-09-01,40,68,196.67,73,7866.8,CRITICAL
69b01e21-ca46-4bb0-a1e4-cbf9712f9a11,b477cd79-c0e5-4dcf-9804-2be2ef47a936,EY2-D808-18796-01,SIM-B-FRNRET-EY2D80818796-NE_WARNING-019,2026-09-02,43,51,10.38,74,446.34,CRITICAL
383d5633-73a2-41b0-9f85-21c8f7408d16,ff4445cb-add6-4bca-9b1b-bcfa8c1953a9,J83-1417-01887-01,SIM-B-FRNRET-J83141701887-NE_WARNING-007,2026-09-02,55,52,5.93,74,326.15,CRITICAL
f1e23942-a365-4cba-b9b2-5350dc6157df,63078148-c8f6-4537-b3f2-edcec7fd1bd4,FT0-2991-06449-02,SIM-B-FRNRET-FT0299106449-NE_WARNING-021,2026-09-02,80,52,22.79,74,1823.2,CRITICAL
668f4621-6b9d-4017-941f-323415125ff6,f1c21a7b-b096-4416-ae32-343bb5fac048,O54-5644-05854-01,ENH-FGH-MAIN-01288,2026-09-03,142,44,16.29,75,2313.18,CRITICAL
09db3839-e2ce-4de1-9f52-b902237be83f,bf2f1d66-b217-4b41-acb7-3605bd2ce28a,E50-3655-05187-01,SIM-B-FSCONC-E50365505187-NE_WARNING-023,2026-09-03,18,53,19.05,75,342.9,CRITICAL
8e3393cd-7e59-49e9-bec5-5a167c71137c,3ac8d640-6143-48b1-847a-ec720633e254,F91-E379-20358-01,SIM-B-FSCCAR-F91E37920358-NE_WARNING-006,2026-09-03,97,34,3.69,75,357.93,CRITICAL
ad5911ae-e261-4219-baef-c5c614b19ba4,3b42936b-7b0f-4d51-806d-8ac6eab5009c,J23-3580-00334-01,SIM-B-FSCAMB-J23358000334-NE_WARNING-004,2026-09-03,170,73,0.57,75,96.9,CRITICAL
f8133576-78a9-4ae2-918e-8c831f27709b,c8deb8a8-4c5d-44b5-86c8-95a61cd4731e,E45-7127-04970-01,SIM-B-FRNRET-E45712704970-NE_WARNING-019,2026-09-03,139,57,1.39,75,193.21,CRITICAL
afb5c932-633c-4c86-afa7-48bfb983f2e8,63078148-c8f6-4537-b3f2-edcec7fd1bd4,E55-3093-03602-01,SIM-B-FRNRET-E55309303602-NE_WARNING-020,2026-09-03,14,26,56.25,75,787.5,CRITICAL
921402d7-a9e3-49a5-84e7-328754ee74cc,c8deb8a8-4c5d-44b5-86c8-95a61cd4731e,J30-2518-03479-01,BASE-COMM-00485,2026-09-04,59,19,61.6,76,3634.4,CRITICAL
736a6cfb-b6dc-4033-9378-1643800c41da,ab160e78-8e1a-4ee1-8a0a-3ab4adba302b,F67-5477-05016-01,SIM-B-FGHORP-F67547705016-NE_WARNING-012,2026-09-04,67,43,18.27,76,1224.09,CRITICAL
f0addeed-692a-4f5e-bd9e-3b3ad43da7e2,496cd94e-4f16-4a63-a599-7da8e75020a4,F69-1647-08883-02,SIM-B-FRNRET-F69164708883-NE_WARNING-010,2026-09-04,24,37,52.76,76,1266.24,CRITICAL
5c6692fc-5349-4156-ab1e-689601eba0ae,64ff710c-c989-40e3-85a9-f7dbf941e486,EA1-E285-20048-01,SIM-B-EMERGE-EA1E28520048-NE_WARNING-017,2026-09-04,53,37,44.56,76,2361.68,CRITICAL
66f80049-bda7-46cf-afbf-bce519e97b57,0084942a-7f9c-4342-a2ef-afdd30ce7796,C07-4504-00458-01,ENH-MAIN-00749,2026-09-05,52,17,58.19,77,3025.88,CRITICAL
e7808b0d-e216-4742-a903-f6e5ae772d05,3ac8d640-6143-48b1-847a-ec720633e254,J89-5292-05626-01,SIM-B-FSCCAR-J89529205626-NE_WARNING-014,2026-09-05,14,68,15,77,210,CRITICAL
d05a8862-ed95-428f-bae8-ab8f870bacb0,3ac8d640-6143-48b1-847a-ec720633e254,F38-2121-01429-01,SIM-B-FSCCAR-F38212101429-NE_WARNING-015,2026-09-05,78,42,3.2,77,249.6,CRITICAL
bd6748f9-64f3-4163-9956-df505850f577,3b42936b-7b0f-4d51-806d-8ac6eab5009c,F68-A884-02428-01,SIM-B-FSCAMB-F68A88402428-NE_WARNING-000,2026-09-05,99,37,50,77,4950,CRITICAL
0e0de6f5-6a6c-453a-9ee2-32d648737c20,b477cd79-c0e5-4dcf-9804-2be2ef47a936,E15-D801-18787-01,SIM-B-FRNRET-E15D80118787-NE_WARNING-018,2026-09-05,89,54,2.14,77,190.46,CRITICAL
e19164bf-562e-48f1-87b4-a61e6d40c50b,ff4445cb-add6-4bca-9b1b-bcfa8c1953a9,E50-B636-13360-01,SIM-B-FRNRET-E50B63613360-NE_WARNING-023,2026-09-05,31,32,34.3,77,1063.3,CRITICAL
e8f4034e-3b84-4e61-bf0c-01a6ee440dd7,ff4445cb-add6-4bca-9b1b-bcfa8c1953a9,J94-0548-00601-01,SIM-B-FRNRET-J94054800601-NE_WARNING-011,2026-09-05,63,38,33.76,77,2126.88,CRITICAL
505db1be-daec-4348-92d1-550454db303b,496cd94e-4f16-4a63-a599-7da8e75020a4,J97-1203-01551-01,BASE-COMM-00626,2026-09-06,4,4,342.16,78,1368.64,CRITICAL
56f5558c-5249-45c5-9576-c55f97b8655e,c8deb8a8-4c5d-44b5-86c8-95a61cd4731e,L84-2043-01325-01,BASE-COMM-02988,2026-09-06,2,3,248.64,78,497.28,CRITICAL
7fbca3ee-7483-4190-bcb6-41ee2dd245bd,e8b717ca-3dbe-481d-a83a-1ac5aeb522fe,FG1-A567-11251-01,BASE-ER-05329,2026-09-06,30,17,41.84,78,1255.2,CRITICAL
3c084010-6535-4273-a930-3868b9d4d203,64b87f0b-d7de-46cc-9900-026be05d37d0,H21-3422-00769-01,BASE-ER-05387,2026-09-06,39,19,16.56,78,645.84,CRITICAL
b3f3c966-b890-486d-9689-e15a14387a73,ab160e78-8e1a-4ee1-8a0a-3ab4adba302b,J88-1515-05674-02,SIM-B-FGHORP-J88151505674-NE_WARNING-017,2026-09-06,7,22,29.6,78,207.2,CRITICAL
baf46d75-5fd8-4b05-8723-e393535ea524,8e5d3a05-f0d7-4a5a-9272-3b9b73802c23,F28-3176-03715-01,SIM-B-FSCDIA-F28317603715-NE_WARNING-016,2026-09-06,13,21,7,78,91,CRITICAL
c6cd9171-0feb-457c-90f3-64cf2dfa2a16,64b87f0b-d7de-46cc-9900-026be05d37d0,EC5-E145-14454-01,SIM-B-FSCDAY-EC5E14514454-NE_WARNING-004,2026-09-06,143,37,1.68,78,240.24,CRITICAL
e9f4aaa0-75f1-470e-91ac-36a485dd738f,64b87f0b-d7de-46cc-9900-026be05d37d0,FT0-0439-00940-02,SIM-B-FSCDAY-FT0043900940-NE_WARNING-009,2026-09-06,238,75,2.18,78,518.84,CRITICAL
fa5c5308-449b-46fc-b111-74374403aed7,3b42936b-7b0f-4d51-806d-8ac6eab5009c,F38-2012-01743-01,SIM-B-FSCAMB-F38201201743-NE_WARNING-023,2026-09-06,201,56,0.73,78,146.73,CRITICAL
03453893-9cb8-48ca-b4e3-c4f3941fda68,3b42936b-7b0f-4d51-806d-8ac6eab5009c,J23-3596-03613-02,SIM-B-FSCAMB-J23359603613-NE_WARNING-005,2026-09-06,255,28,1.44,78,367.2,CRITICAL
3bcd12b2-8f89-4e7d-a7ba-b920e8cd8030,0084942a-7f9c-4342-a2ef-afdd30ce7796,FT0-1472-03809-01,SIM-B-FALCON-FT0147203809-NE_WARNING-021,2026-09-06,140,62,1.01,78,141.4,CRITICAL
783a3a69-a9b7-4554-99e6-86dcf0119cdd,f1c21a7b-b096-4416-ae32-343bb5fac048,F26-1383-00130-01,SIM-B-FGHMAI-F26138300130-NE_WARNING-003,2026-09-07,68,59,25.32,79,1721.76,CRITICAL
5b59c105-6e23-4da7-b930-8db86281f5c7,e8b717ca-3dbe-481d-a83a-1ac5aeb522fe,F72-3994-07613-03,SIM-B-FGHEME-F72399407613-NE_WARNING-026,2026-09-07,55,60,0.48,79,26.4,CRITICAL
7dd85e10-bcfd-49ca-83b4-ea22210a0053,bf2f1d66-b217-4b41-acb7-3605bd2ce28a,J39-3695-01929-01,SIM-B-FSCONC-J39369501929-NE_WARNING-000,2026-09-07,52,25,2.16,79,112.32,CRITICAL
d4bb1dd2-da50-4367-8b27-e03f6a98c421,8e5d3a05-f0d7-4a5a-9272-3b9b73802c23,E08-0498-00564-01,SIM-B-FSCDIA-E08049800564-NE_WARNING-015,2026-09-07,194,62,0.45,79,87.3,CRITICAL
9a3c67ec-6ae7-4fe3-89b4-2cc3abd07161,3ac8d640-6143-48b1-847a-ec720633e254,DP7-A034-12442-02,SIM-B-FSCCAR-DP7A03412442-NE_WARNING-003,2026-09-07,20,37,107.23,79,2144.6,CRITICAL
507022a3-ce69-4643-b70d-b2dbe4a546bc,64b87f0b-d7de-46cc-9900-026be05d37d0,J30-7058-00730-01,SIM-B-FSCDAY-J30705800730-NE_WARNING-008,2026-09-07,66,57,0.48,79,31.68,CRITICAL
d6cfbf4b-3b2d-48b9-8a64-a33d726b873c,c8deb8a8-4c5d-44b5-86c8-95a61cd4731e,J23-3595-05009-01,SIM-B-FRNRET-J23359505009-NE_WARNING-023,2026-09-07,33,41,6.08,79,200.64,CRITICAL
1c6fe487-8df6-412d-b4f3-a1f20d5b1aab,c8deb8a8-4c5d-44b5-86c8-95a61cd4731e,E11-5398-05682-01,SIM-B-FRNRET-E11539805682-NE_WARNING-024,2026-09-07,81,38,2.3,79,186.3,CRITICAL
ad142a95-709a-444d-b24b-8256301e9b9d,63078148-c8f6-4537-b3f2-edcec7fd1bd4,E93-4075-07099-01,SIM-B-FRNRET-E93407507099-NE_WARNING-002,2026-09-07,71,56,10.91,79,774.61,CRITICAL
c79e548b-c748-4cd3-80b0-335c83acd5b5,0084942a-7f9c-4342-a2ef-afdd30ce7796,J33-2675-01464-01,SIM-B-FALCON-J33267501464-NE_WARNING-026,2026-09-07,247,48,1.75,79,432.25,CRITICAL
0af9a79c-e0a5-4762-a793-a7995f4f34cb,b477cd79-c0e5-4dcf-9804-2be2ef47a936,FT0-5495-05605-01,SIM-B-FRNRET-FT0549505605-NE_WARNING-017,2026-09-07,79,33,14.26,79,1126.54,CRITICAL
53f5fe9b-6dc8-4e2c-b651-6443e99488e6,64b87f0b-d7de-46cc-9900-026be05d37d0,J58-4740-03469-01,ENH-FSC-DAY-03176,2026-09-08,40,14,35.86,80,1434.4,CRITICAL
a6a39f89-be6a-4062-962b-975c19f168db,f1c21a7b-b096-4416-ae32-343bb5fac048,FM9-4867-11383-02,SIM-B-FGHMAI-FM9486711383-NE_WARNING-022,2026-09-08,69,65,0.48,80,33.12,CRITICAL
71855d62-68be-4113-9d8c-c56f94d3a656,d84f043a-6753-445a-afd9-df51c677189d,J23-3586-02902-01,SIM-B-FGHICU-J23358602902-NE_WARNING-000,2026-09-08,30,70,9.12,80,273.6,CRITICAL
39abc588-f246-48cb-b88e-1d0be5ef17c2,bf2f1d66-b217-4b41-acb7-3605bd2ce28a,E93-3984-00960-01,SIM-B-FSCONC-E93398400960-NE_WARNING-004,2026-09-08,21,48,82.72,80,1737.12,CRITICAL
44910196-825c-41d6-b5fd-d15adb33ee2c,64b87f0b-d7de-46cc-9900-026be05d37d0,J33-3933-03564-01,SIM-B-FSCDAY-J33393303564-NE_WARNING-012,2026-09-08,221,59,0.58,80,128.18,CRITICAL
92a9599d-c153-46ee-ab39-5de0998fb451,64b87f0b-d7de-46cc-9900-026be05d37d0,J30-6204-04142-01,SIM-B-FSCDAY-J30620404142-NE_WARNING-016,2026-09-08,137,43,1.74,80,238.38,CRITICAL
dabc2564-eeae-44a2-a45a-2443fbe47d09,64b87f0b-d7de-46cc-9900-026be05d37d0,FT1-A705-11476-01,SIM-B-FSCDAY-FT1A70511476-NE_WARNING-018,2026-09-08,27,59,99.69,80,2691.63,CRITICAL
d493b954-3dbe-4334-8740-49d00f495d68,496cd94e-4f16-4a63-a599-7da8e75020a4,F04-5454-01851-01,SIM-B-FRNRET-F04545401851-NE_WARNING-002,2026-09-08,40,60,9,80,360,CRITICAL
246e2367-5c1f-49cf-95a4-a9333801ba16,f1c21a7b-b096-4416-ae32-343bb5fac048,V30-9324-05783-01,ENH-FGH-MAIN-01731,2026-09-09,19,15,73.18,81,1390.42,CRITICAL
02171eae-ece5-4a30-ad26-546c0ae385fc,bf2f1d66-b217-4b41-acb7-3605bd2ce28a,F37-2741-04607-01,SIM-B-FSCONC-F37274104607-NE_WARNING-010,2026-09-09,25,73,92,81,2300,CRITICAL
ff9e1bac-12bd-415e-a143-bfc12aa81283,64b87f0b-d7de-46cc-9900-026be05d37d0,E50-5249-01168-01,SIM-B-FSCDAY-E50524901168-NE_WARNING-025,2026-09-09,61,42,12.18,81,742.98,CRITICAL
c993188a-7144-4d04-8b5a-eba4ee141370,64b87f0b-d7de-46cc-9900-026be05d37d0,E05-4196-04765-01,SIM-B-FSCDAY-E05419604765-NE_WARNING-011,2026-09-09,88,37,16.04,81,1411.52,CRITICAL
16ff2538-d6ec-484e-9d9c-f35582ddde80,64b87f0b-d7de-46cc-9900-026be05d37d0,J80-9786-10246-03,SIM-B-FSCDAY-J80978610246-NE_WARNING-015,2026-09-09,9,60,176,81,1584,CRITICAL
405d7814-4012-4e19-b430-280c6fb4984c,b477cd79-c0e5-4dcf-9804-2be2ef47a936,E93-3984-00960-01,SIM-B-FRNRET-E93398400960-NE_WARNING-024,2026-09-09,33,29,82.72,81,2729.76,CRITICAL
ded21e35-9556-4868-9349-ce460a8cabd4,ff4445cb-add6-4bca-9b1b-bcfa8c1953a9,J95-3239-03704-01,SIM-B-FRNRET-J95323903704-NE_WARNING-000,2026-09-09,231,54,1.25,81,288.75,CRITICAL
18b6c906-3d31-4c92-8cfb-697407976a9e,ff4445cb-add6-4bca-9b1b-bcfa8c1953a9,FA6-A487-11160-01,SIM-B-FRNRET-FA6A48711160-NE_WARNING-016,2026-09-09,235,54,4.61,81,1083.35,CRITICAL
d005e0b5-5032-4218-a38e-8b25ecc8e4f1,63078148-c8f6-4537-b3f2-edcec7fd1bd4,C44-6065-06259-01,BASE-COMM-03042,2026-09-10,13,4,348.14,82,4525.82,CRITICAL
2b6b480a-806f-4a3c-969e-f3f57ed9ce3a,bf2f1d66-b217-4b41-acb7-3605bd2ce28a,F21-4220-04627-01,BASE-SPEC-05874,2026-09-10,35,14,48.25,82,1688.75,CRITICAL
31db14df-114a-423b-a02a-97263d51a142,3b42936b-7b0f-4d51-806d-8ac6eab5009c,IP6-E294-20419-01,BASE-OR-07061,2026-09-10,202,59,3.3,82,666.6,CRITICAL
0812bff2-82fa-467e-9671-dfc3740c2b03,3b42936b-7b0f-4d51-806d-8ac6eab5009c,J38-5104-04917-01,SIM-B-FSCAMB-J38510404917-NE_WARNING-003,2026-09-10,52,23,31.05,82,1614.6,CRITICAL
eeace8c8-a34e-483b-8544-59ffc44f5497,ff4445cb-add6-4bca-9b1b-bcfa8c1953a9,EK8-A369-10936-01,SIM-B-FRNRET-EK8A36910936-NE_WARNING-006,2026-09-10,61,43,5.78,82,352.58,CRITICAL
c81aaff5-2c66-4ac7-b2e1-a85d783869ff,ff4445cb-add6-4bca-9b1b-bcfa8c1953a9,EV7-D988-19272-01,SIM-B-FRNRET-EV7D98819272-NE_WARNING-021,2026-09-10,91,26,12.18,82,1108.38,CRITICAL
d29b4d6b-7a23-443e-9ff0-07151a847514,0084942a-7f9c-4342-a2ef-afdd30ce7796,E08-1493-00373-01,SIM-B-FALCON-E08149300373-NE_WARNING-011,2026-09-10,45,37,11.04,82,496.8,CRITICAL
fb0ed82e-6efa-43fb-90b5-2c2d7bbfa853,64ff710c-c989-40e3-85a9-f7dbf941e486,E07-4433-04812-03,SIM-B-EMERGE-E07443304812-NE_WARNING-002,2026-09-10,168,43,1.35,82,226.8,CRITICAL
8a03bd65-7c47-4e6c-a51c-94592c9aff2e,b477cd79-c0e5-4dcf-9804-2be2ef47a936,DX7-4970-05685-03,BASE-COMM-01044,2026-09-11,5,4,247.31,83,1236.55,CRITICAL
2dc35d9b-0b6f-4339-bc89-43ab46ad9da7,0084942a-7f9c-4342-a2ef-afdd30ce7796,S39-A317-10849-01,ENH-MAIN-01152,2026-09-11,61,20,51.19,83,3122.59,CRITICAL
36745812-7fb1-453e-b694-54c558c81718,ff4445cb-add6-4bca-9b1b-bcfa8c1953a9,N21-4534-05682-01,BASE-COMM-01313,2026-09-11,42,12,94.45,83,3966.9,CRITICAL
f931d24d-cda5-4c08-820f-3e11effb76e3,f1c21a7b-b096-4416-ae32-343bb5fac048,F26-5156-03525-02,SIM-B-FGHMAI-F26515603525-NE_WARNING-004,2026-09-11,101,44,1.22,83,123.22,CRITICAL
9758e165-dbbf-49c4-af0c-5ec693a04e64,f1c21a7b-b096-4416-ae32-343bb5fac048,F72-3993-04361-01,SIM-B-FGHMAI-F72399304361-NE_WARNING-011,2026-09-11,179,79,0.5,83,89.5,CRITICAL
7c9be490-0729-44bb-bd5e-69ee925c0544,f1c21a7b-b096-4416-ae32-343bb5fac048,F38-4765-00404-01,SIM-B-FGHMAI-F38476500404-NE_WARNING-015,2026-09-11,71,61,0.77,83,54.67,CRITICAL
86088959-1d03-4877-af21-dcc5aa0d7f95,bf2f1d66-b217-4b41-acb7-3605bd2ce28a,E45-D169-17022-01,SIM-B-FSCONC-E45D16917022-NE_WARNING-005,2026-09-11,63,71,48.54,83,3058.02,CRITICAL
1f2801fb-bdd1-42fa-8bd9-e97b890d5bbf,496cd94e-4f16-4a63-a599-7da8e75020a4,EC5-C454-04003-04,SIM-B-FRNRET-EC5C45404003-NE_WARNING-008,2026-09-11,183,51,0.84,83,153.72,CRITICAL
9e7fe95b-f16c-448e-955f-e8133d74ff32,c8deb8a8-4c5d-44b5-86c8-95a61cd4731e,E15-0441-02874-01,SIM-B-FRNRET-E15044102874-NE_WARNING-000,2026-09-11,95,36,0.22,83,20.9,CRITICAL
603b6d4f-f764-42d6-85ff-32ed404f0078,64ff710c-c989-40e3-85a9-f7dbf941e486,J76-2399-00160-01,SIM-B-EMERGE-J76239900160-NE_WARNING-010,2026-09-11,26,42,197.69,83,5139.94,CRITICAL
bc526a54-6579-4152-b13c-2e8be07ddadf,d84f043a-6753-445a-afd9-df51c677189d,U80-7835-01418-01,ENH-FGH-ICU-04069,2026-09-12,25,10,69.44,84,1736,CRITICAL
d9ce9d3e-6f24-448d-bc59-d25e6388dede,e8b717ca-3dbe-481d-a83a-1ac5aeb522fe,E53-8453-08442-01,SIM-B-FGHEME-E53845308442-NE_WARNING-015,2026-09-12,100,41,3.04,84,304,CRITICAL
e654b7d6-bad2-446b-bed2-67969fbe1ecd,64b87f0b-d7de-46cc-9900-026be05d37d0,J81-1482-00884-02,SIM-B-FSCDAY-J81148200884-NE_WARNING-006,2026-09-12,250,55,1.71,84,427.5,CRITICAL
2f5d2caa-48aa-4baa-ba62-77b4d2357e47,ff4445cb-add6-4bca-9b1b-bcfa8c1953a9,J81-1482-00884-03,SIM-B-FRNRET-J81148200884-NE_WARNING-002,2026-09-12,115,22,1.7,84,195.5,CRITICAL
8a16933a-0e75-4e38-a2ff-86ee79817bc4,63078148-c8f6-4537-b3f2-edcec7fd1bd4,E45-D466-17885-01,SIM-B-FRNRET-E45D46617885-NE_WARNING-024,2026-09-12,228,52,1.81,84,412.68,CRITICAL
8d31d28e-5201-4251-9cbb-3a018783572e,0084942a-7f9c-4342-a2ef-afdd30ce7796,F91-E115-19587-01,SIM-B-FALCON-F91E11519587-NE_WARNING-001,2026-09-12,26,48,10.28,84,267.28,CRITICAL
be201bbe-e716-491e-bb01-832b191b70d5,64ff710c-c989-40e3-85a9-f7dbf941e486,F26-1383-00130-01,SIM-B-EMERGE-F26138300130-NE_WARNING-003,2026-09-12,27,20,25.32,84,683.64,CRITICAL
c5d063c3-ef72-4a0c-a947-530b7507941b,bf2f1d66-b217-4b41-acb7-3605bd2ce28a,J81-1480-00888-02,SIM-B-FSCONC-J81148000888-NE_WARNING-022,2026-09-12,36,20,19.16,84,689.76,CRITICAL
278df15b-50cb-4bfa-afcd-bfeb170179e3,e8b717ca-3dbe-481d-a83a-1ac5aeb522fe,J23-3596-03616-01,SIM-B-FGHEME-J23359603616-NE_WARNING-025,2026-09-13,207,65,0.68,85,140.76,CRITICAL
f375a44f-0808-4695-ac5b-2f3142f1c24a,8e5d3a05-f0d7-4a5a-9272-3b9b73802c23,EC5-A594-05780-01,SIM-B-FSCDIA-EC5A59405780-NE_WARNING-008,2026-09-13,64,34,1.58,85,101.12,CRITICAL
ca27690b-8d64-45ad-be87-64866ec109b3,64b87f0b-d7de-46cc-9900-026be05d37d0,F98-D203-17147-01,SIM-B-FSCDAY-F98D20317147-NE_WARNING-005,2026-09-13,144,27,2.23,85,321.12,CRITICAL
c1d70ea1-981a-44a2-be0d-9f233a9f41e7,496cd94e-4f16-4a63-a599-7da8e75020a4,J77-7232-07228-01,SIM-B-FRNRET-J77723207228-NE_WARNING-016,2026-09-13,197,33,2.54,85,500.38,CRITICAL
ee5050f1-ca64-47f9-8867-570483be8d6f,0084942a-7f9c-4342-a2ef-afdd30ce7796,F72-3994-07613-01,SIM-B-FALCON-F72399407613-NE_WARNING-023,2026-09-13,150,23,0.35,85,52.5,CRITICAL
06d1513c-7e6f-4cd1-8d15-9ba1e81e14b9,496cd94e-4f16-4a63-a599-7da8e75020a4,E87-0983-01282-01,BASE-COMM-00514,2026-09-14,222,59,2.92,86,648.24,CRITICAL
04fb1dd3-4f35-4806-8ade-e2e99695625d,8e5d3a05-f0d7-4a5a-9272-3b9b73802c23,H07-0282-03779-02,BASE-GENE-03052,2026-09-14,17,7,44.09,86,749.53,CRITICAL
bb24ef99-27c0-42db-8f24-d56de91673c2,64b87f0b-d7de-46cc-9900-026be05d37d0,Z03-8226-19338-01,BASE-ER-04984,2026-09-14,25,16,25.79,86,644.75,CRITICAL
abee7519-b37d-43df-bf79-06b7dc740663,ab160e78-8e1a-4ee1-8a0a-3ab4adba302b,E11-7480-09212-02,SIM-B-FGHORP-E11748009212-NE_WARNING-007,2026-09-14,65,60,16.25,86,1056.25,CRITICAL
208425b2-3798-4f38-ac9c-6ef7e478c54e,cc83db42-3b9b-49e0-9580-ca79fc4bc61c,F68-1941-02414-01,SIM-B-FGHPED-F68194102414-NE_WARNING-001,2026-09-14,50,37,5.13,86,256.5,CRITICAL
c303ce5e-8f08-4270-a9ad-295dee3db9f1,3ac8d640-6143-48b1-847a-ec720633e254,J30-6200-04970-01,SIM-B-FSCCAR-J30620004970-NE_WARNING-018,2026-09-14,178,51,1.73,86,307.94,CRITICAL
b438590a-7cc9-4f8a-a659-4616f01ea684,c8deb8a8-4c5d-44b5-86c8-95a61cd4731e,J30-6921-03955-01,SIM-B-FRNRET-J30692103955-NE_WARNING-020,2026-09-14,33,21,16.93,86,558.69,CRITICAL
18c86af1-1487-4ced-ac21-e7b3af5c9827,0084942a-7f9c-4342-a2ef-afdd30ce7796,EY2-E395-20290-01,SIM-B-FALCON-EY2E39520290-NE_WARNING-005,2026-09-14,30,22,57.48,86,1724.4,CRITICAL
a4dc2f75-bbf2-45d7-8ef9-a3dce3f016ec,3b42936b-7b0f-4d51-806d-8ac6eab5009c,JM5-B476-13255-01,BASE-OR-00021,2026-09-15,7,5,265.3,87,1857.1,CRITICAL
04143614-019f-40a5-a6a0-af1f2818c66c,f1c21a7b-b096-4416-ae32-343bb5fac048,N58-4657-04962-01,ENH-FGH-MAIN-01209,2026-09-15,287,73,17.66,87,5068.42,CRITICAL
85f3eefa-950b-46c7-9ac7-c17618a0e5f8,f1c21a7b-b096-4416-ae32-343bb5fac048,C30-3985-04259-01,BASE-GENE-04000,2026-09-15,8,16,89.52,87,716.16,CRITICAL
5b925b02-37e7-44ce-8040-2678d5f3a977,ab160e78-8e1a-4ee1-8a0a-3ab4adba302b,J91-8858-02821-01,SIM-B-FGHORP-J91885802821-NE_WARNING-009,2026-09-15,144,30,0.62,87,89.28,CRITICAL
4e7b57ab-6552-48d3-8721-559b8cb8b198,496cd94e-4f16-4a63-a599-7da8e75020a4,F68-1941-02423-01,SIM-B-FRNRET-F68194102423-NE_WARNING-024,2026-09-15,67,49,12.92,87,865.64,CRITICAL
ead1c0d6-1b36-4295-8a1e-22db0cc91ce8,c8deb8a8-4c5d-44b5-86c8-95a61cd4731e,EV1-A862-11877-01,SIM-B-FRNRET-EV1A86211877-NE_WARNING-016,2026-09-15,8,51,71,87,568,CRITICAL
ed058b12-3e09-44b6-8fe4-f7fc742d919b,64ff710c-c989-40e3-85a9-f7dbf941e486,FT0-5675-04185-01,SIM-B-EMERGE-FT0567504185-NE_WARNING-019,2026-09-15,201,50,2.78,87,558.78,CRITICAL
839ab05c-8461-42c3-bd51-6ed346649267,0084942a-7f9c-4342-a2ef-afdd30ce7796,K38-8757-02579-01,BASE-GENE-06717,2026-09-16,51,13,31.02,88,1582.02,CRITICAL
84327be0-c723-4616-b8f0-cceb3c310bc1,8e5d3a05-f0d7-4a5a-9272-3b9b73802c23,J81-1483-00886-02,SIM-B-FSCDIA-J81148300886-NE_WARNING-019,2026-09-16,45,61,8.4,88,378,CRITICAL
8d040fdd-d687-451c-9a2c-0d78ee908bcd,3ac8d640-6143-48b1-847a-ec720633e254,FS6-A697-11597-01,SIM-B-FSCCAR-FS6A69711597-NE_WARNING-019,2026-09-16,78,30,33,88,2574,CRITICAL
8186f544-6381-4e09-9e27-91b96e8d827b,c8deb8a8-4c5d-44b5-86c8-95a61cd4731e,E55-6235-06411-01,SIM-B-FRNRET-E55623506411-NE_WARNING-002,2026-09-16,77,22,44,88,3388,CRITICAL
2627ddb9-c916-4ed9-94c6-3cec0f3f81b1,ff4445cb-add6-4bca-9b1b-bcfa8c1953a9,F98-A720-17663-01,SIM-B-FRNRET-F98A72017663-NE_WARNING-015,2026-09-16,72,40,7.15,88,514.8,CRITICAL
94ca0043-ff8f-4a7a-8ca9-9ac955c69d54,63078148-c8f6-4537-b3f2-edcec7fd1bd4,J82-0450-00511-02,SIM-B-FRNRET-J82045000511-NE_WARNING-023,2026-09-16,53,32,0.48,88,25.44,CRITICAL
0fbb899b-8cbb-4f32-ae6a-49199987cee2,0084942a-7f9c-4342-a2ef-afdd30ce7796,J92-0748-00896-01,SIM-B-FALCON-J92074800896-NE_WARNING-020,2026-09-16,15,30,182.3,88,2734.5,CRITICAL
683032f1-5091-47bf-90ba-f8581c61506b,bf2f1d66-b217-4b41-acb7-3605bd2ce28a,C73-2115-04250-01,BASE-SPEC-06163,2026-09-17,43,16,70.65,89,3037.95,CRITICAL
6b89da94-5548-4dd3-a9ef-39e8e79dbfa7,e8b717ca-3dbe-481d-a83a-1ac5aeb522fe,F26-A066-10493-02,SIM-B-FGHEME-F26A06610493-NE_WARNING-009,2026-09-17,31,56,78.4,89,2430.4,CRITICAL
60985126-64df-4e19-b461-b9df28932287,3ac8d640-6143-48b1-847a-ec720633e254,FT0-E066-00176-01,SIM-B-FSCCAR-FT0E06600176-NE_WARNING-004,2026-09-17,9,50,83.35,89,750.15,CRITICAL
ca5b2217-56fa-4ed2-98c4-21c2048631f8,3b42936b-7b0f-4d51-806d-8ac6eab5009c,J23-3575-04325-02,SIM-B-FSCAMB-J23357504325-NE_WARNING-013,2026-09-17,206,60,0.32,89,65.92,CRITICAL
d251bdbf-1383-40aa-ad81-14b518390c3c,3b42936b-7b0f-4d51-806d-8ac6eab5009c,FT0-1396-00988-01,SIM-B-FSCAMB-FT0139600988-NE_WARNING-017,2026-09-17,95,80,0.75,89,71.25,CRITICAL
7e868154-fac4-44c5-95ce-a7d2caf07154,496cd94e-4f16-4a63-a599-7da8e75020a4,EI9-A361-06725-01,SIM-B-FRNRET-EI9A36106725-NE_WARNING-004,2026-09-17,22,44,8.22,89,180.84,CRITICAL